index,precipitation,temp_mean,temp_highest,temp_lowest,PM10,PM2.5,humidity,sunshine_sum,sunshine_rate,wind_mean,wind_max,rental,year,month,day
0,-4.4401563850346975,-1.3,3.8,-5.1,34.0,17.0,39.1,8.3,86.5,1.4,3.8,4950,2018,1,1
1,-3.552492452906943,-1.8,1.8,-4.3,36.0,22.0,42.0,7.9,82.3,1.8,4.9,7136,2018,1,2
2,-4.954678409851123,-4.7,-0.4,-7.1,31.0,19.0,42.3,8.6,88.7,2.2,3.5,7156,2018,1,3
3,0.3076311095346025,-4.7,-0.7,-8.7,39.0,24.0,43.0,6.2,63.9,1.4,3.5,7102,2018,1,4
4,-4.067014477723369,-3.0,1.6,-5.6,51.0,35.0,48.4,8.2,84.5,1.7,3.6,7705,2018,1,5
5,-5.3825918575698,-2.8,2.9,-6.8,38.0,27.0,45.8,8.8,90.7,1.5,3.1,5681,2018,1,6
6,7.083556214280898,-0.8,2.8,-5.7,47.0,36.0,42.1,3.1,32.0,0.8,2.5,5220,2018,1,7
7,0.9,1.3,4.0,-1.2,49.0,37.0,51.9,0.5,5.2,1.8,7.1,6309,2018,1,8
8,0.5,-4.2,-1.2,-6.1,37.0,19.0,59.4,8.4,86.6,2.9,6.1,5988,2018,1,9
9,0.3,-7.5,-4.8,-10.3,27.0,13.0,52.0,8.8,89.8,3.0,6.1,4476,2018,1,10
10,-5.02536846860367,-11.1,-7.4,-13.6,30.0,22.0,49.8,8.7,88.8,2.8,4.9,4337,2018,1,11
11,0.0,-10.2,-5.4,-15.3,21.0,14.0,35.4,8.8,89.8,1.7,3.6,4401,2018,1,12
12,0.4,-4.4,-1.2,-6.6,48.0,37.0,67.3,0.9,9.2,0.8,1.7,3756,2018,1,13
13,1.7187195994522266,0.6,5.4,-4.4,64.0,50.0,64.1,5.6,57.1,1.2,2.8,4675,2018,1,14
14,0.2,4.7,7.7,1.8,63.0,45.0,63.9,6.5,65.7,1.4,3.3,6993,2018,1,15
15,0.0,3.5,6.8,0.1,97.0,74.0,59.1,0.5,5.1,0.7,2.2,7421,2018,1,16
16,3.5258845003981296,4.5,8.7,2.4,99.0,78.0,64.1,4.8,48.5,1.2,3.7,6990,2018,1,17
17,0.0,2.1,4.5,0.3,80.0,56.0,59.6,0.1888387083369878,0.0,1.9,3.8,7054,2018,1,18
18,-4.882101803496884,1.0,5.5,-2.5,51.0,28.0,43.0,8.7,87.9,1.6,3.7,8329,2018,1,19
19,2.5356934728274325,2.2,6.9,-1.0,86.0,56.0,57.6,5.3,53.0,1.6,3.6,6148,2018,1,20
20,-3.6690515190933937,0.4,5.5,-3.7,52.0,33.0,36.6,8.2,82.0,1.0,3.2,5574,2018,1,21
21,3.3,0.2,4.0,-5.3,38.0,21.0,56.5,0.7,7.0,1.5,5.1,4929,2018,1,22
22,-5.451395368720654,-11.7,-5.3,-14.6,21.0,12.0,42.0,9.1,90.1,3.7,5.4,4263,2018,1,23
23,-5.023481921001977,-14.2,-10.7,-16.3,26.0,10.0,31.6,8.9,88.1,3.4,7.2,3370,2018,1,24
24,-3.755660096191143,-14.0,-9.5,-16.4,22.0,12.0,32.6,8.3,82.2,2.8,4.8,3307,2018,1,25
25,13.771969967930882,-14.8,-10.7,-17.8,28.0,18.0,34.9,0.1888387083369878,0.0,2.6,4.6,3116,2018,1,26
26,-5.094171979754524,-9.9,-3.5,-15.9,37.0,26.0,37.4,9.0,88.2,1.4,3.4,2833,2018,1,27
27,-2.1465334007593775,-6.3,-1.2,-9.3,26.0,17.0,36.0,7.6,74.5,2.6,5.6,3028,2018,1,28
28,-4.896133774240383,-8.5,-4.7,-11.6,39.0,16.0,35.0,8.9,87.3,2.7,6.2,4425,2018,1,29
29,2.9,-5.3,-0.8,-11.4,36.0,20.0,62.0,5.6,54.4,1.3,3.8,3591,2018,1,30
30,0.0,-2.6,0.0,-5.2,35.0,18.0,54.5,1.8,17.5,1.6,3.4,4104,2018,1,31
31,-4.766963693148352,-4.0,1.2,-8.8,34.0,21.0,44.1,9.1,88.3,1.6,3.9,5821,2018,2,1
32,-4.0136638931539395,-2.4,3.8,-7.6,48.0,32.0,51.1,8.8,84.6,1.6,3.6,6557,2018,2,2
33,0.5,-7.3,-2.1,-10.4,31.0,19.0,47.0,9.1,87.5,3.8,5.7,3499,2018,2,3
34,-4.639615546386761,-9.5,-5.2,-12.8,27.0,20.0,40.9,9.1,87.5,3.1,5.6,2642,2018,2,4
35,-4.924262328998648,-9.4,-5.1,-11.8,23.0,14.0,37.8,9.3,88.6,3.0,5.6,4213,2018,2,5
36,-4.29831067576583,-10.1,-5.8,-12.8,27.0,17.0,36.5,9.0,85.7,3.1,4.9,4257,2018,2,6
37,-4.7103056051393075,-8.0,-1.6,-13.4,34.0,23.0,39.8,9.2,87.6,1.5,3.3,5028,2018,2,7
38,-4.582957458377717,-4.4,2.0,-9.7,45.0,32.0,43.3,9.2,86.8,1.2,3.0,6114,2018,2,8
39,9.757272477968048,0.4,6.1,-5.3,63.0,48.0,43.9,2.2,20.8,1.1,3.0,6905,2018,2,9
40,3.4111473685421227,-0.5,3.2,-6.9,66.0,39.0,47.4,5.3,50.0,3.0,6.3,4829,2018,2,10
41,0.0,-6.1,-2.2,-9.5,44.0,13.0,42.5,6.6,61.7,2.7,5.1,3047,2018,2,11
42,0.0,-5.8,-1.8,-9.6,41.0,13.0,40.8,8.7,81.3,2.7,5.2,5231,2018,2,12
43,-2.514080278536877,-0.8,4.3,-7.4,43.0,14.0,54.5,8.3,76.9,2.7,5.6,6863,2018,2,13
44,7.594770735657706,3.5,8.7,-0.7,59.0,27.0,51.0,3.3,30.6,2.6,5.4,7477,2018,2,14
45,14.169868313289605,-0.7,4.0,-3.7,32.0,14.0,28.0,0.1888387083369878,0.0,2.5,4.4,3935,2018,2,15
46,-5.207022564008842,-1.1,4.9,-5.5,41.0,16.0,40.1,9.7,89.0,2.1,5.5,3047,2018,2,16
47,-3.8048366070646615,-3.0,1.4,-7.1,36.05155642023346,21.53261927945472,25.6,9.0,82.6,2.9,5.5,3494,2018,2,17
48,-0.19239335277454472,-0.4,5.2,-4.9,30.0,14.0,26.9,7.2,66.1,1.3,3.5,5191,2018,2,18
49,4.703790244671602,1.8,6.8,-1.9,51.0,33.0,48.6,4.8,43.6,1.5,3.0,8563,2018,2,19
50,-2.2912210217040894,0.9,5.5,-2.4,51.0,32.0,41.0,8.3,75.5,2.5,5.8,8899,2018,2,20
51,-5.277712622761388,-0.9,4.4,-4.5,32.0,17.0,31.5,9.8,89.1,2.3,5.2,8342,2018,2,21
52,0.4,1.3,5.4,-3.9,42.0,25.0,59.0,6.4,57.7,2.2,5.2,8580,2018,2,22
53,3.7,4.2,8.6,-0.3,79.0,55.0,81.1,4.8,43.2,1.9,5.0,6408,2018,2,23
54,-0.6980128446175264,2.4,7.2,-1.1,68.0,47.0,49.4,7.6,67.9,2.1,3.9,7198,2018,2,24
55,-3.8347870961533665,1.9,7.9,-1.6,36.0,25.0,40.6,9.2,82.1,1.7,3.8,7595,2018,2,25
56,-5.815169151294764,3.1,10.4,-3.2,55.0,36.0,43.1,10.2,91.1,1.4,3.6,10712,2018,2,26
57,14.273298182731114,4.2,6.9,0.6,82.0,55.0,48.8,0.0,0.0,0.9,1.8,10064,2018,2,27
58,25.0,4.6,7.8,1.8,67.0,43.0,73.3,0.0,0.0,2.0,3.7,4230,2018,2,28
59,0.5,-0.2,3.0,-4.3,35.0,26.0,61.9,8.7,76.3,3.8,6.9,5761,2018,3,1
60,-5.360612717927001,-0.7,5.4,-6.7,58.0,24.0,34.0,10.3,90.4,1.5,3.3,9388,2018,3,2
61,0.0,7.9,16.2,-0.1,52.0,26.0,38.1,10.1,88.6,1.5,3.9,16029,2018,3,3
62,11.5,9.8,11.9,7.6,28.0,19.0,89.1,0.0,0.0,1.2,3.5,5373,2018,3,4
63,3.5,5.5,11.4,1.3,8.0,5.0,67.5,7.0,60.9,2.0,3.5,9943,2018,3,5
64,-5.684112522601037,4.5,10.9,-1.1,26.0,15.0,46.8,10.6,91.4,1.6,3.7,14028,2018,3,6
65,0.5,6.4,10.7,2.2,25.0,14.0,54.0,3.0,25.9,1.8,3.2,12925,2018,3,7
66,4.0,4.6,9.7,2.7,29.0,23.0,76.0,5.1,44.0,1.9,4.5,8812,2018,3,8
67,4.937373968808277,4.5,9.6,1.4,41.0,31.0,63.3,5.1,43.6,1.5,4.2,13573,2018,3,9
68,-0.40075504710005383,4.6,9.7,0.7,43.0,31.0,65.8,7.9,67.5,2.0,5.9,13324,2018,3,10
69,-3.924703176690727,6.4,12.2,2.7,52.0,35.0,51.3,9.8,83.1,2.0,4.2,15136,2018,3,11
70,0.4391533299921022,8.0,15.5,2.2,80.0,52.0,45.8,7.5,63.6,1.4,4.2,15913,2018,3,12
71,2.157823106238565,12.4,18.8,5.2,59.0,37.0,60.5,6.6,55.9,1.8,4.3,19514,2018,3,13
72,-0.22565134530286635,17.0,22.1,13.6,22.0,11.0,58.8,7.9,66.4,2.3,5.0,24911,2018,3,14
73,27.0,12.4,16.6,8.4,18.0,12.0,92.1,0.0,0.0,2.1,4.8,7091,2018,3,15
74,-5.950954239266032,7.1,12.2,3.6,12.0,6.0,46.9,11.0,91.7,1.9,3.1,18415,2018,3,16
75,-2.379250554639757,6.6,14.0,0.5,26.0,16.0,48.0,9.1,75.8,1.5,3.8,20165,2018,3,17
76,0.5,8.2,12.5,5.4,52.0,36.0,55.9,0.0,0.0,1.2,2.9,11740,2018,3,18
77,1.0,8.0,10.4,6.2,30.0,23.0,64.5,0.0,0.0,2.5,4.2,10297,2018,3,19
78,4.61387416413424,4.7,9.1,1.6,18.0,7.0,39.9,5.4,44.6,3.4,4.8,13205,2018,3,20
79,1.0,2.1,5.3,1.1,36.05155642023346,21.53261927945472,64.1,0.4,3.3,1.7,3.3,8225,2018,3,21
80,-5.149898884236023,4.9,11.6,0.6,36.05155642023346,21.53261927945472,61.5,10.7,87.7,2.2,5.0,16420,2018,3,22
81,-1.4438310674764097,6.1,12.5,1.8,36.05155642023346,21.53261927945472,55.3,8.7,71.3,2.0,4.2,17904,2018,3,23
82,1.4153123868192967,7.6,13.1,4.0,36.05155642023346,21.53261927945472,61.9,7.2,58.5,2.1,4.4,14914,2018,3,24
83,-2.8211959731019434,9.6,16.9,4.6,36.05155642023346,21.53261927945472,65.6,9.5,77.2,1.7,3.5,13942,2018,3,25
84,-1.9972061143549844,11.0,18.1,5.3,36.05155642023346,21.53261927945472,64.5,9.1,73.4,1.9,4.4,15505,2018,3,26
85,0.20414865001750648,13.3,20.0,7.7,36.05155642023346,21.53261927945472,61.1,7.9,63.7,1.6,3.9,17456,2018,3,27
86,5.2009727953049065,14.0,19.0,9.4,36.05155642023346,21.53261927945472,66.4,5.2,41.6,2.2,4.8,21232,2018,3,28
87,1.0122199904192648,15.4,21.1,11.8,36.05155642023346,21.53261927945472,66.3,7.5,60.0,1.6,4.0,21436,2018,3,29
88,-3.3586525016353193,14.8,21.9,9.8,36.05155642023346,21.53261927945472,55.6,9.9,79.2,1.7,3.8,24411,2018,3,30
89,0.3633338334694951,14.0,20.1,9.3,36.05155642023346,21.53261927945472,52.9,7.9,62.7,1.9,4.5,25673,2018,3,31
90,12.717457458597526,15.6,18.5,11.7,36.05155642023346,21.53261927945472,68.8,1.3,10.3,1.5,3.5,22994,2018,4,1
91,4.934066465368662,18.4,23.7,14.9,36.05155642023346,21.53261927945472,64.0,5.6,44.4,1.9,4.5,28139,2018,4,2
92,0.1,17.8,21.2,14.9,36.05155642023346,21.53261927945472,72.9,0.8,6.3,2.1,4.4,26817,2018,4,3
93,18.5,13.4,18.2,9.5,36.05155642023346,21.53261927945472,67.0,8.0,63.0,1.9,5.1,26034,2018,4,4
94,10.5,7.6,9.5,6.7,36.05155642023346,21.53261927945472,90.6,0.0,0.0,2.0,3.5,2833,2018,4,5
95,6.5,5.8,8.6,3.0,36.05155642023346,21.53261927945472,71.6,4.0,31.3,3.1,5.7,13297,2018,4,6
96,0.2,4.2,8.6,1.4,36.05155642023346,21.53261927945472,45.5,9.0,70.3,4.1,6.0,13088,2018,4,7
97,3.0,3.9,7.9,0.6,36.05155642023346,21.53261927945472,59.6,3.3,25.6,1.8,3.6,7758,2018,4,8
98,-1.8502309673160582,7.9,15.4,0.1,32.0,22.0,57.9,9.5,73.6,1.1,2.9,23925,2018,4,9
99,5.0,15.1,21.9,6.9,37.0,18.0,51.0,6.3,48.5,3.5,8.8,20423,2018,4,10
100,-5.847961552059314,12.6,17.3,8.7,53.0,20.0,49.4,11.8,90.8,3.0,6.1,25557,2018,4,11
101,-6.196282408051996,13.3,19.6,6.8,40.0,14.0,30.5,12.0,92.3,2.6,6.2,28885,2018,4,12
102,10.311048503339142,14.6,19.3,8.3,29.0,13.0,22.9,2.7,20.6,1.3,3.7,29497,2018,4,13
103,9.0,9.0,14.8,7.5,18.0,10.0,78.8,0.3,2.3,1.8,4.1,8216,2018,4,14
104,-0.020131562653201485,9.5,14.2,5.6,61.0,17.0,65.5,8.6,65.2,2.4,4.9,12721,2018,4,15
105,-6.503863694380833,11.6,18.8,4.9,33.0,20.0,41.9,12.3,93.2,1.6,4.7,29589,2018,4,16
106,-6.321744007211894,12.9,20.1,6.8,50.0,25.0,37.9,12.2,92.4,1.9,5.5,28236,2018,4,17
107,-5.86199352280282,12.4,19.3,6.2,57.0,27.0,35.4,12.0,90.2,1.9,3.9,23499,2018,4,18
108,-4.817030954824769,14.0,20.5,7.4,70.0,32.0,38.8,11.4,85.7,1.9,5.1,20400,2018,4,19
109,-4.539400157584634,18.4,26.3,11.0,36.05155642023346,21.53261927945472,46.0,11.3,84.3,1.3,3.6,28351,2018,4,20
110,-6.447205606371789,18.7,25.6,12.3,66.0,36.0,32.0,12.4,92.5,1.9,4.6,33144,2018,4,21
111,15.5,15.5,21.0,10.7,33.0,18.0,57.4,0.0,0.0,1.1,2.9,8095,2018,4,22
112,59.0,9.3,10.7,8.4,9.0,6.0,93.9,0.0,0.0,2.2,3.0,1037,2018,4,23
113,3.0,12.1,16.1,8.9,7.0,4.0,63.3,0.0,0.0,1.4,2.8,24560,2018,4,24
114,-6.3516944963005955,14.6,23.3,5.7,30.0,22.0,37.8,12.4,91.9,1.5,4.4,33728,2018,4,25
115,-5.029101131082413,14.9,22.1,10.0,39.0,26.0,51.9,11.7,86.0,2.1,5.1,32547,2018,4,26
116,-4.348377937442244,15.7,23.3,9.7,48.0,33.0,52.9,11.3,83.1,1.7,3.8,32989,2018,4,27
117,-6.240264867884203,15.4,21.7,10.5,56.0,35.0,49.0,12.4,91.2,2.0,4.8,33738,2018,4,28
118,-4.76738885218748,16.2,22.9,9.4,47.0,27.0,43.1,11.6,84.7,1.9,4.3,35159,2018,4,29
119,-0.6671311720012767,19.2,25.0,14.1,70.0,47.0,61.6,9.2,67.2,1.6,3.6,32629,2018,4,30
120,0.0,20.4,23.3,17.8,52.0,36.0,72.8,3.2,23.4,1.5,4.0,34593,2018,5,1
121,12.0,15.1,19.7,8.7,41.0,30.0,90.4,0.0,0.0,1.9,5.2,8374,2018,5,2
122,1.0,11.2,14.7,6.9,24.0,12.0,62.4,8.2,59.4,2.7,5.3,25963,2018,5,3
123,-5.635425784037896,14.1,20.0,8.8,37.0,15.0,45.5,12.4,89.9,2.7,5.9,34058,2018,5,4
124,-3.149424237053516,18.3,24.6,11.6,34.0,17.0,46.8,11.0,79.1,2.6,4.8,37389,2018,5,5
125,22.0,16.6,20.7,15.0,13.0,8.0,86.4,3.2,23.0,1.1,3.9,19809,2018,5,6
126,3.4438509754888145,19.2,25.5,14.0,30.0,16.0,60.3,7.1,51.1,1.2,3.7,40026,2018,5,7
127,-3.5684351517987487,17.5,22.9,11.6,15.0,7.0,50.9,11.3,80.7,1.7,2.7,33738,2018,5,8
128,-5.760887383197794,15.7,21.8,9.2,19.0,7.0,50.4,12.6,90.0,1.7,3.6,37851,2018,5,9
129,-5.262283876726567,15.4,21.4,11.3,35.0,18.0,67.4,12.3,87.9,2.3,5.4,36549,2018,5,10
130,6.578738679422961,16.1,21.3,11.9,51.0,29.0,59.8,5.3,37.6,1.8,3.5,33923,2018,5,11
131,32.0,14.2,16.1,11.8,27.0,17.0,89.3,0.0,0.0,0.9,2.9,3551,2018,5,12
132,0.5,15.8,20.0,12.7,18.0,12.0,82.5,6.9,48.9,1.9,3.9,35668,2018,5,13
133,3.452753508462262,18.2,24.5,11.9,58.0,37.0,71.4,7.2,50.7,1.4,3.4,35918,2018,5,14
134,0.0,23.2,29.3,15.4,66.0,46.0,56.4,8.9,62.7,1.1,3.4,36476,2018,5,15
135,45.0,22.3,24.4,21.8,32.0,22.0,93.8,0.0,0.0,1.9,6.1,7072,2018,5,16
136,83.0,20.9,23.5,18.8,13.0,8.0,97.0,0.0,0.0,1.4,8.0,3802,2018,5,17
137,6.5,16.3,19.3,12.2,36.05155642023346,21.53261927945472,86.8,0.4,2.8,1.3,2.7,19629,2018,5,18
138,-5.624636703462755,17.6,24.7,10.3,36.05155642023346,21.53261927945472,47.5,12.7,88.8,1.5,2.9,43471,2018,5,19
139,8.486544128210117,17.0,22.6,11.5,9.0,5.0,32.1,4.2,29.4,1.4,2.8,39036,2018,5,20
140,0.857208880663185,17.8,23.7,11.3,8.0,5.0,43.9,8.8,61.5,1.4,3.5,42039,2018,5,21
141,12.5,18.1,23.2,15.4,36.05155642023346,21.53261927945472,75.5,2.7,18.8,1.1,3.1,17444,2018,5,22
142,6.5,17.3,23.3,13.6,36.05155642023346,21.53261927945472,57.1,12.7,88.2,2.5,5.0,35975,2018,5,23
143,-5.196723255744075,18.3,23.7,11.2,36.05155642023346,21.53261927945472,47.4,12.5,86.8,2.2,5.4,36858,2018,5,24
144,-4.5319185804491084,19.7,26.2,13.8,36.05155642023346,21.53261927945472,47.4,12.1,84.0,1.8,4.5,37569,2018,5,25
145,-5.267413314496629,21.8,29.6,14.0,36.05155642023346,21.53261927945472,50.1,12.6,86.9,1.4,4.0,37761,2018,5,26
146,7.735130875817402,20.3,24.7,17.3,56.0,25.0,47.4,4.7,32.4,1.7,4.1,39534,2018,5,27
147,-5.101212145672886,22.3,29.1,16.2,41.0,20.0,49.8,12.5,86.2,1.6,4.3,40775,2018,5,28
148,1.0,21.4,25.9,19.1,36.05155642023346,21.53261927945472,69.3,3.4,23.4,1.8,4.4,29925,2018,5,29
149,0.0,20.2,24.7,15.8,36.05155642023346,21.53261927945472,69.8,9.8,67.6,1.9,4.4,39214,2018,5,30
150,-5.670505710896659,20.9,27.6,14.2,36.05155642023346,21.53261927945472,58.9,12.9,88.4,1.9,3.6,41619,2018,5,31
151,-5.272607365537937,23.8,30.2,17.5,35.0,20.0,50.4,12.9,88.4,1.9,4.3,41970,2018,6,1
152,-5.106406196714193,23.4,30.1,17.6,43.0,27.0,44.5,12.8,87.7,2.0,4.5,41677,2018,6,2
153,-5.272607365537937,24.0,30.8,16.9,36.05155642023346,21.53261927945472,39.4,12.9,88.4,1.6,4.2,40565,2018,6,3
154,0.797243289214526,22.6,27.5,18.9,36.0,24.0,50.1,9.2,63.0,1.9,4.4,44014,2018,6,4
155,-2.7318342781462057,23.7,29.2,17.7,32.0,22.0,52.5,11.4,77.6,1.7,4.0,44118,2018,6,5
156,-4.84469391781926,23.0,27.9,18.4,36.05155642023346,21.53261927945472,62.9,12.7,86.4,2.0,4.0,40440,2018,6,6
157,0.544433543293037,22.2,29.4,17.8,36.05155642023346,21.53261927945472,69.3,9.4,63.9,2.0,4.1,42038,2018,6,7
158,4.287467834513109,21.9,27.0,18.5,36.05155642023346,21.53261927945472,68.0,7.1,48.3,2.1,3.7,46516,2018,6,8
159,0.5,23.7,30.1,18.9,36.05155642023346,21.53261927945472,60.6,7.9,53.7,1.4,3.5,32839,2018,6,9
160,0.5,21.3,24.9,18.3,36.05155642023346,21.53261927945472,59.9,1.4,9.5,1.4,2.9,39277,2018,6,10
161,5.0,20.2,23.9,18.0,36.05155642023346,21.53261927945472,67.3,3.3,22.4,1.4,4.3,30605,2018,6,11
162,0.0,21.3,27.1,16.6,36.05155642023346,21.53261927945472,65.5,12.1,82.3,1.7,4.7,46201,2018,6,12
163,0.0,22.0,27.0,18.3,36.05155642023346,21.53261927945472,64.0,4.9,33.3,1.5,5.1,49116,2018,6,13
164,29.0,21.6,25.1,18.8,36.05155642023346,21.53261927945472,74.9,1.4,9.5,1.1,3.7,30511,2018,6,14
165,16.5,21.7,27.0,17.2,36.05155642023346,21.53261927945472,60.8,9.8,66.2,1.4,2.7,45103,2018,6,15
166,-5.231867795874091,22.5,28.7,16.3,36.05155642023346,21.53261927945472,56.4,13.0,87.8,1.4,2.8,46457,2018,6,16
167,11.97157462246739,22.8,27.5,18.9,36.05155642023346,21.53261927945472,66.9,2.4,16.2,1.3,3.9,43484,2018,6,17
168,-4.58298163892432,24.8,30.8,19.9,36.05155642023346,21.53261927945472,54.9,12.6,85.1,1.5,4.0,36316,2018,6,18
169,10.840003477391594,22.4,27.2,19.1,36.05155642023346,21.53261927945472,61.3,3.1,20.9,1.8,3.6,47296,2018,6,19
170,-0.689664697225707,22.7,28.4,19.1,36.05155642023346,21.53261927945472,68.1,10.2,68.9,2.3,4.2,46612,2018,6,20
171,-4.58298163892432,23.7,28.7,19.4,36.05155642023346,21.53261927945472,60.1,12.6,85.1,2.2,4.4,47762,2018,6,21
172,-4.266497819622035,25.0,32.0,18.2,38.0,23.0,45.1,12.4,83.8,1.8,4.3,47478,2018,6,22
173,2.0720810993971153,24.5,28.9,20.9,36.05155642023346,21.53261927945472,50.6,8.5,57.4,2.0,4.4,45663,2018,6,23
174,-2.153638179948988,25.2,32.1,20.1,36.05155642023346,21.53261927945472,62.8,11.1,75.0,1.9,3.7,39548,2018,6,24
175,3.2036522444729076,27.1,32.9,21.3,36.05155642023346,21.53261927945472,57.1,7.8,52.7,1.2,3.2,46565,2018,6,25
176,71.5,22.3,26.9,20.2,51.0,34.0,88.3,0.0,0.0,2.4,5.7,6391,2018,6,26
177,1.0,22.3,25.5,19.1,36.05155642023346,21.53261927945472,81.9,2.9,19.6,2.0,4.5,41128,2018,6,27
178,26.5,23.3,27.3,20.6,36.05155642023346,21.53261927945472,85.1,1.9,12.8,1.1,4.3,27757,2018,6,28
179,6.5,24.7,29.1,21.9,36.05155642023346,21.53261927945472,78.5,8.4,56.8,1.5,3.2,42765,2018,6,29
180,14.5,24.4,27.9,21.6,50.0,34.0,83.8,0.5,3.4,0.9,5.1,26911,2018,6,30
181,83.5,21.9,22.8,21.0,11.0,8.0,94.6,0.0,0.0,0.8,2.3,4358,2018,7,1
182,59.5,22.6,25.3,20.6,10.0,7.0,95.4,0.1,0.7,0.7,2.9,6261,2018,7,2
183,0.1,27.4,32.6,22.5,11.0,8.0,74.4,10.1,68.7,0.8,2.6,41350,2018,7,3
184,2.5725065401987806,27.3,31.8,24.0,36.05155642023346,21.53261927945472,69.6,8.4,57.1,1.7,3.9,45741,2018,7,4
185,0.5,25.3,29.0,23.4,36.05155642023346,21.53261927945472,72.8,1.7,11.6,1.2,3.0,39804,2018,7,5
186,12.02115211183343,23.9,27.1,21.5,6.0,3.0,57.8,2.6,17.7,1.8,3.4,49521,2018,7,6
187,16.159360040083218,23.7,29.2,19.5,7.0,5.0,51.4,0.1888387083369878,0.0,1.6,2.3,48015,2018,7,7
188,0.6965381281020235,23.3,28.1,17.7,11.0,8.0,51.5,9.5,65.1,1.5,2.8,48132,2018,7,8
189,14.0,20.8,24.2,20.1,9.0,7.0,82.3,0.0,0.0,1.1,1.8,8155,2018,7,9
190,16.5,23.7,26.5,20.4,19.0,13.0,87.8,0.0,0.0,0.7,1.6,27956,2018,7,10
191,3.0,26.8,29.5,24.4,34.0,23.0,82.9,0.1,0.7,1.3,3.9,35390,2018,7,11
192,1.0,26.6,28.2,25.1,28.0,18.0,82.4,1.1,7.5,1.5,3.6,43611,2018,7,12
193,4.8038117936599765,27.3,30.9,24.7,22.0,17.0,74.8,7.0,47.9,1.8,3.4,44976,2018,7,13
194,0.0,27.9,31.9,24.6,20.0,15.0,69.6,11.3,77.9,1.9,4.2,39205,2018,7,14
195,-1.8442349592897056,28.3,33.2,24.5,23.0,18.0,69.6,11.0,75.9,1.6,3.7,34957,2018,7,15
196,-4.970220130250407,28.7,34.0,24.0,24.0,20.0,64.3,12.9,89.0,1.7,3.6,40964,2018,7,16
197,-5.136421299074147,28.1,32.1,23.9,28.0,25.0,66.5,13.0,89.7,1.7,4.1,43323,2018,7,17
198,-5.136421299074147,28.2,33.2,23.7,33.0,30.0,64.8,13.0,89.7,1.6,4.1,42609,2018,7,18
199,-5.065731240321597,28.7,34.1,23.2,29.0,23.0,64.1,12.9,89.6,1.6,3.2,42316,2018,7,19
200,-5.065731240321597,29.5,34.7,24.6,36.0,28.0,62.6,12.9,89.6,1.5,3.3,40337,2018,7,20
201,-5.065731240321597,30.6,36.9,24.9,35.0,28.0,53.6,12.9,89.6,1.5,3.6,32360,2018,7,21
202,-3.9023230585554067,31.8,38.0,25.3,29.0,22.0,49.6,12.2,84.7,1.4,3.7,28250,2018,7,22
203,3.030370477006164,31.7,35.7,29.2,31.0,24.0,53.8,8.0,55.6,1.8,4.0,38003,2018,7,23
204,-0.6738107921517571,31.4,36.8,27.2,40.0,33.0,59.5,10.2,71.3,1.6,4.0,37486,2018,7,24
205,7.620329130690144,30.1,34.1,27.7,32.0,24.0,66.3,5.2,36.4,2.4,3.8,39225,2018,7,25
206,8.949938481280078,30.1,33.7,27.3,40.0,29.0,68.8,4.4,30.8,1.5,3.4,37796,2018,7,26
207,0.7424071355359256,30.9,35.4,27.2,43.0,30.0,69.3,9.3,65.5,1.9,3.7,34985,2018,7,27
208,7.5,29.5,35.2,28.0,31.0,21.0,77.1,3.4,23.9,1.2,3.6,24649,2018,7,28
209,-4.259546447521533,31.3,36.7,26.4,18.0,12.0,52.4,12.3,86.6,1.2,2.9,28317,2018,7,29
210,-2.0989312528128874,31.7,36.9,26.2,9.0,6.0,50.9,11.0,77.5,1.2,2.4,36701,2018,7,30
211,-3.856454051121503,32.6,38.3,27.8,15.0,9.0,50.5,12.0,85.1,1.5,3.6,35262,2018,7,31
212,-4.471681237050433,33.6,39.6,27.8,29.0,17.0,55.5,12.6,89.4,1.7,4.0,31169,2018,8,1
213,0.22970704504994366,33.7,37.9,30.3,29.0,19.0,54.4,9.8,69.5,1.6,3.2,31321,2018,8,2
214,-1.0292122467874432,33.1,37.9,30.0,41.0,30.0,55.3,10.5,75.0,1.9,4.2,31646,2018,8,3
215,-3.720267984657717,31.1,34.9,28.0,24.0,17.0,60.6,12.1,86.4,2.4,4.6,28174,2018,8,4
216,2.0,30.0,33.9,27.2,24.0,15.0,71.8,10.1,72.1,2.6,4.9,26989,2018,8,5
217,6.5,30.5,35.3,28.3,28.0,18.0,71.6,7.3,52.5,1.6,4.4,29113,2018,8,6
218,2.2629740929969984,30.5,35.9,26.8,17.0,11.0,63.4,8.5,61.2,1.5,3.7,36983,2018,8,7
219,-1.6233268633298668,31.0,35.3,27.6,24.0,15.0,64.8,10.8,77.7,2.1,4.6,37140,2018,8,8
220,2.0,28.8,32.5,27.1,23.0,16.0,76.3,2.6,18.8,1.5,4.2,32216,2018,8,9
221,-2.7319635046887107,30.7,36.8,25.7,14.0,9.0,60.9,11.4,82.6,1.4,3.6,36178,2018,8,10
222,-2.898164673512454,31.0,36.0,26.4,9.0,5.0,55.8,11.5,83.3,1.5,3.3,31293,2018,8,11
223,5.0,30.6,35.3,27.2,14.0,9.0,61.3,8.4,61.3,1.5,3.7,27363,2018,8,12
224,1.0,30.5,34.4,26.7,30.0,21.0,68.6,6.3,46.0,1.4,3.2,36076,2018,8,13
225,0.42585870296239214,31.7,37.2,27.7,24.0,15.0,58.3,9.5,69.3,1.3,4.0,37659,2018,8,14
226,1.0,31.7,38.0,28.3,27.0,18.0,59.5,9.5,69.9,1.2,5.8,29270,2018,8,15
227,-2.242262531190935,29.9,35.6,24.1,14.0,8.0,51.0,11.0,80.9,1.7,3.0,41358,2018,8,16
228,-4.648671486449313,27.2,33.8,21.7,12.0,5.0,39.8,12.4,91.2,1.8,3.5,47634,2018,8,17
229,-2.155653954093186,26.7,32.1,21.5,14.0,6.0,44.6,10.9,80.7,1.4,3.8,45629,2018,8,18
230,3.0214033307614674,28.2,34.4,23.0,20.0,12.0,50.6,7.9,58.5,1.2,3.3,42281,2018,8,19
231,0.0,29.1,33.3,25.1,32.0,20.0,55.6,6.0,44.4,2.0,5.1,44243,2018,8,20
232,5.0,26.6,31.0,23.4,21.0,12.0,71.4,6.8,50.7,2.5,7.1,41964,2018,8,21
233,-1.570441870524208,30.7,37.6,23.4,21.0,13.0,54.1,10.5,78.4,1.1,3.2,42425,2018,8,22
234,3.0,29.4,32.2,25.7,11.0,6.0,59.1,1.7,12.7,1.7,2.8,23616,2018,8,23
235,7.5,24.4,26.3,23.2,8.0,5.0,86.3,0.0,0.0,2.5,4.2,17319,2018,8,24
236,4.105218920801665,25.2,29.3,22.7,21.0,12.0,68.0,7.2,54.1,2.6,5.3,47109,2018,8,25
237,2.0,23.2,29.0,20.3,16.0,10.0,70.0,5.1,38.6,1.2,3.8,32200,2018,8,26
238,19.5,22.7,24.9,20.2,8.0,6.0,91.0,0.0,0.0,0.8,2.1,23382,2018,8,27
239,96.5,23.7,26.1,22.5,10.0,6.0,92.4,0.0,0.0,0.9,3.7,13495,2018,8,28
240,42.0,25.2,27.4,22.7,13.0,7.0,86.0,0.1,0.8,2.4,4.5,13001,2018,8,29
241,9.5,25.3,28.2,23.9,25.0,17.0,80.9,1.9,14.5,1.8,3.7,33158,2018,8,30
242,0.1,25.6,30.3,22.8,22.0,14.0,67.4,10.1,77.7,1.6,3.7,46101,2018,8,31
243,-1.7207891342740016,25.5,30.9,20.8,17.0,9.0,59.4,10.6,81.5,1.3,2.3,43847,2018,9,1
244,0.7492938943651755,25.1,29.6,20.1,12.0,7.0,55.8,9.2,70.8,1.5,2.8,48427,2018,9,2
245,34.5,23.3,25.8,21.4,14.0,8.0,85.3,0.0,0.0,1.0,5.5,16086,2018,9,3
246,-2.544778993020959,23.2,27.8,20.0,14.0,7.0,69.4,11.0,85.3,2.2,5.2,50500,2018,9,4
247,-3.969899453682089,24.0,28.5,19.6,24.0,10.0,63.5,11.8,91.5,2.5,5.7,53984,2018,9,5
248,1.0,24.1,28.2,20.9,31.0,17.0,69.9,2.2,17.2,2.0,5.0,46532,2018,9,6
249,0.5,22.0,25.5,19.1,24.0,13.0,54.6,10.9,85.2,2.5,4.3,53230,2018,9,7
250,-4.010639023345931,21.7,27.7,15.9,22.0,11.0,48.8,11.7,92.1,1.7,3.9,55470,2018,9,8
251,-0.780240209340592,22.2,28.9,15.6,19.0,10.0,49.0,9.9,78.0,1.2,2.8,54213,2018,9,9
252,-1.492800439671159,22.9,28.4,18.6,11.0,5.0,49.5,10.3,81.1,1.6,2.7,55188,2018,9,10
253,1.840125469777126,21.6,26.1,16.8,12.0,5.0,48.1,8.4,66.7,1.5,2.4,56212,2018,9,11
254,-3.4095084214317595,22.8,28.2,16.8,15.0,7.0,52.0,11.3,89.7,1.4,3.2,57363,2018,9,12
255,7.952602241795127,23.5,28.3,20.3,16.0,7.0,63.5,5.0,40.0,1.2,2.4,55791,2018,9,13
256,0.5,23.5,26.8,20.3,17.0,10.0,66.9,1.6,12.8,1.3,2.6,49383,2018,9,14
257,0.2,23.3,26.0,21.0,11.0,6.0,76.0,0.8,6.4,1.0,2.4,44808,2018,9,15
258,2.0,22.2,23.9,21.0,34.0,21.0,83.6,0.0,0.0,1.7,3.7,24317,2018,9,16
259,0.1,22.3,27.7,18.5,23.0,14.0,64.3,10.8,87.1,1.9,3.8,55335,2018,9,17
260,2.5119461304438477,22.0,26.5,17.7,31.0,16.0,59.8,7.9,64.2,1.2,3.4,57691,2018,9,18
261,0.2,22.1,26.6,18.9,35.0,18.0,59.1,2.1,17.1,1.0,2.9,44096,2018,9,19
262,5.0,19.0,20.1,17.8,13.0,8.0,82.4,0.0,0.0,1.8,2.9,23616,2018,9,20
263,18.0,19.4,21.9,17.6,7.0,4.0,85.8,0.6,4.9,1.3,2.3,32242,2018,9,21
264,6.5,20.8,25.5,17.2,27.0,11.0,62.3,10.8,88.5,1.8,5.3,49688,2018,9,22
265,0.0,19.4,25.3,15.6,26.0,10.0,52.9,7.4,61.2,1.6,4.3,38635,2018,9,23
266,-3.436216020352102,17.6,22.1,14.2,13.0,6.0,48.3,11.0,90.9,2.1,4.4,36406,2018,9,24
267,-1.5672635936270947,17.8,24.3,10.8,14.0,7.0,48.0,10.0,82.6,1.1,2.2,49595,2018,9,25
268,1.3148143643855619,19.4,24.8,16.2,8.0,5.0,47.9,8.4,70.0,1.7,2.7,57730,2018,9,26
269,-2.2409708018955072,18.9,25.0,13.2,9.0,5.0,47.6,10.3,85.8,1.3,2.4,58200,2018,9,27
270,10.461538292496455,17.5,22.2,14.3,12.0,7.0,58.1,3.5,29.4,1.2,2.1,59649,2018,9,28
271,-3.310754421192204,20.2,27.0,14.6,14.0,9.0,55.5,10.8,90.8,1.0,2.4,63866,2018,9,29
272,-2.550438635826044,17.6,21.6,14.0,19.0,10.0,52.5,10.4,87.4,2.3,5.5,55893,2018,9,30
273,0.0,15.4,19.7,13.0,16.0,9.0,55.1,7.9,66.9,2.9,6.1,51808,2018,10,1
274,-3.0242857042498734,15.9,22.0,10.3,22.0,13.0,61.4,10.8,91.5,1.6,4.1,57280,2018,10,2
275,-2.771475958328381,17.3,24.2,11.2,24.0,14.0,58.0,10.6,90.6,1.3,4.0,64671,2018,10,3
276,0.467825388650402,19.3,25.6,13.0,21.0,12.0,56.5,8.9,76.1,1.3,2.4,59413,2018,10,4
277,36.5,16.9,19.0,15.7,11.0,6.0,84.1,0.0,0.0,1.7,3.2,7772,2018,10,5
278,55.5,18.0,21.7,16.3,5.0,3.0,84.0,3.0,25.9,2.2,5.3,32510,2018,10,6
279,-2.700785899575834,16.4,21.1,12.3,23.0,10.0,53.5,10.5,90.5,1.7,3.6,57873,2018,10,7
280,-2.700785899575834,14.8,20.9,9.2,20.0,8.0,47.0,10.5,90.5,1.1,2.7,57247,2018,10,8
281,0.0,15.3,19.8,10.7,23.0,12.0,52.5,2.3,20.0,1.1,2.7,61525,2018,10,9
282,7.0,12.0,16.7,7.9,18.0,11.0,61.0,6.5,56.5,2.5,4.7,44876,2018,10,10
283,-0.6267792819649376,9.7,13.9,6.1,17.0,9.0,51.0,9.3,81.6,2.1,5.6,44489,2018,10,11
284,-2.179247889387657,10.9,17.4,5.2,22.0,13.0,54.0,10.1,88.6,1.3,3.2,48529,2018,10,12
285,-1.9812096838735176,12.5,19.8,6.1,29.0,18.0,54.0,10.0,87.7,1.0,2.9,49203,2018,10,13
286,-1.9105196251209708,13.2,20.3,6.8,30.0,20.0,60.0,9.9,87.6,1.5,3.1,49025,2018,10,14
287,4.149072154091371,15.2,21.0,10.9,49.0,32.0,69.9,6.8,60.2,1.4,3.5,49503,2018,10,15
288,1.3128632035126184,14.5,20.3,9.9,42.0,23.0,55.9,8.2,73.2,1.3,3.0,51236,2018,10,16
289,-2.2359059773966976,12.4,18.6,8.4,33.0,17.0,53.3,10.0,89.3,1.3,3.6,49795,2018,10,17
290,1.5109014090267578,12.7,19.0,7.5,14.0,8.0,59.5,8.1,72.3,1.1,2.7,49560,2018,10,18
291,-2.165215918644151,13.1,20.4,7.2,19.0,10.0,54.3,9.9,89.2,1.4,3.8,52122,2018,10,19
292,-1.7691395076158773,13.4,21.4,6.9,36.0,19.0,53.9,9.7,87.4,1.2,3.0,49815,2018,10,20
293,-1.6984494488633235,13.4,21.1,7.2,32.0,20.0,49.5,9.6,87.3,1.1,2.9,48346,2018,10,21
294,2.2941516981098715,14.0,20.6,8.8,42.0,28.0,50.0,7.6,69.1,1.0,2.6,49889,2018,10,22
295,5.0,12.2,16.9,9.8,50.0,30.0,75.1,5.3,48.2,1.1,5.0,40223,2018,10,23
296,-1.825797595624918,12.5,18.7,7.6,39.0,17.0,66.0,9.6,88.1,1.3,3.4,50343,2018,10,24
297,-0.011616709307260109,13.8,21.2,7.0,36.0,19.0,55.5,8.7,79.8,0.9,1.6,52181,2018,10,25
298,11.0,12.2,14.7,9.9,32.0,17.0,74.1,2.4,22.2,1.6,5.4,24308,2018,10,26
299,1.2791396192205244,8.7,11.6,6.2,24.0,6.0,49.6,8.0,74.1,3.2,5.8,33699,2018,10,27
300,5.5,8.3,13.5,5.2,13.0,7.0,77.1,2.8,25.9,1.5,5.9,20882,2018,10,28
301,0.0,7.2,11.7,3.4,16.0,8.0,57.3,6.5,60.7,2.0,5.3,36107,2018,10,29
302,0.0,6.1,11.6,0.7,21.0,10.0,51.3,9.1,85.0,1.6,3.5,37382,2018,10,30
303,0.0,7.4,12.6,3.0,20.0,12.0,55.4,9.3,86.9,1.6,4.1,39009,2018,10,31
304,-1.0018723501492115,8.4,15.2,2.5,31.0,18.0,53.4,9.2,86.8,1.3,3.6,41911,2018,11,1
305,-1.0018723501492115,10.6,19.0,4.0,39.0,24.0,54.9,9.2,86.8,1.1,2.5,44917,2018,11,2
306,-0.7879156262898714,11.2,19.1,5.0,47.0,30.0,56.0,9.1,85.8,1.3,4.0,40640,2018,11,3
307,-0.7172255675373247,11.6,19.4,5.3,40.0,27.0,55.0,9.0,85.7,1.3,3.4,39973,2018,11,4
308,1.5567058031894074,11.9,18.3,6.6,53.0,33.0,65.5,7.9,75.2,1.1,2.3,43870,2018,11,5
309,9.400527979630706,12.2,17.5,8.0,89.0,61.0,70.5,4.1,39.0,0.9,2.6,39680,2018,11,6
310,2.0,12.8,15.7,10.3,56.0,38.0,79.5,0.5,4.8,1.1,2.8,29492,2018,11,7
311,64.0,11.8,14.7,10.5,9.0,5.0,93.8,0.0,0.0,1.8,5.0,2730,2018,11,8
312,1.0,12.1,15.4,9.5,38.0,20.0,69.0,6.5,62.5,3.1,5.6,34673,2018,11,9
313,0.0,11.9,17.1,8.8,69.0,39.0,69.1,8.1,78.6,1.4,3.3,34194,2018,11,10
314,0.0,8.1,10.9,5.4,64.0,37.0,67.6,1.4,13.6,1.1,3.7,23926,2018,11,11
315,-0.7738836555463688,8.1,15.1,3.1,27.0,14.0,52.3,8.9,86.4,1.2,3.3,38706,2018,11,12
316,-0.7031935967938185,8.8,15.4,4.1,39.0,23.0,51.6,8.8,86.3,1.1,3.0,40263,2018,11,13
317,-0.48923687293448204,9.8,16.6,4.8,31.0,19.0,55.5,8.7,85.3,1.1,3.1,41973,2018,11,14
318,1.4045366051091737,9.7,16.2,4.7,45.0,30.0,55.4,7.8,76.5,1.0,2.4,39702,2018,11,15
319,6.887818833725988,8.8,14.5,4.2,55.0,36.0,65.1,5.2,51.0,1.7,4.0,37629,2018,11,16
320,6.808226241999994,4.9,11.4,0.6,31.0,18.0,50.8,5.2,51.5,1.4,3.7,28167,2018,11,17
321,12.751258955025884,6.1,10.7,1.9,36.05155642023346,21.0,48.8,2.4,23.8,1.1,3.1,26464,2018,11,18
322,5.54040441718916,6.5,11.3,3.3,56.0,29.0,50.4,5.8,57.4,1.4,4.4,34352,2018,11,19
323,0.2,6.5,12.7,0.0,40.0,17.0,39.9,8.8,88.0,1.8,4.2,34855,2018,11,20
324,1.0,5.8,8.2,3.1,30.0,15.0,57.1,0.0,0.0,1.2,4.5,28140,2018,11,21
325,-0.5458949609435226,2.3,7.1,-1.3,19.0,10.0,35.0,8.6,86.0,2.4,5.6,29239,2018,11,22
326,-0.5458949609435226,1.9,7.6,-3.1,23.0,11.0,29.6,8.6,86.0,1.4,3.7,28620,2018,11,23
327,10.9,2.6,3.8,0.3,23.0,12.0,71.1,1.6,16.2,1.8,3.3,11255,2018,11,24
328,2.979939716248845,4.8,9.8,1.3,44.0,31.0,77.8,6.9,69.7,1.0,1.9,19946,2018,11,25
329,-0.689161626050316,6.3,13.6,1.6,57.0,38.0,70.1,8.6,86.9,1.0,1.9,30698,2018,11,26
330,15.484940810161694,7.1,12.5,3.1,108.0,48.0,65.0,1.1,11.1,1.5,3.7,28806,2018,11,27
331,3.0824668116917895,5.0,11.1,2.1,110.0,19.0,27.1,6.8,69.4,1.6,3.7,29177,2018,11,28
332,0.0,3.5,6.7,0.6,70.0,20.0,41.4,0.2,2.0,1.3,3.3,28977,2018,11,29
333,-0.8324282911571057,2.7,8.0,-1.5,59.0,20.0,46.1,8.6,87.8,1.4,3.3,28557,2018,11,30
334,1.308960881766728,5.5,12.4,0.8,44.0,23.0,42.3,7.8,79.6,1.0,2.5,24622,2018,12,1
335,12.379938982045,8.2,11.8,2.8,46.0,23.0,50.1,2.7,27.6,1.3,2.2,23035,2018,12,2
336,9.5,11.5,13.5,9.3,44.0,21.0,87.4,0.0,0.0,1.4,3.2,10638,2018,12,3
337,5.0,6.7,11.8,-0.3,33.0,15.0,74.9,2.1,21.6,2.7,5.6,20029,2018,12,4
338,11.460438013226849,0.0,3.4,-4.3,26.0,11.0,39.5,3.1,32.0,1.5,4.0,23535,2018,12,5
339,0.0,2.4,6.8,-1.0,36.0,16.0,50.5,6.2,63.9,2.3,5.7,23788,2018,12,6
340,-0.7917533347645129,-7.3,-1.1,-9.6,22.0,9.0,37.1,8.7,89.7,3.8,5.9,15148,2018,12,7
341,-0.7917533347645129,-8.3,-4.4,-11.4,23.0,9.0,37.1,8.7,89.7,2.6,5.5,9824,2018,12,8
342,1.1816127350051335,-7.2,-2.1,-11.8,21.0,10.0,27.0,7.8,80.4,1.5,3.4,8749,2018,12,9
343,0.6104326221796672,-2.5,4.6,-8.1,32.0,18.0,33.3,8.0,83.3,0.9,2.9,17987,2018,12,10
344,18.038324912459004,0.2,2.9,-2.4,41.0,25.0,44.8,0.1,1.0,1.2,3.9,20805,2018,12,11
345,-0.9350199998713027,-1.9,2.4,-5.0,45.0,23.0,39.0,8.7,90.6,2.2,4.0,19339,2018,12,12
346,1.3,-2.2,2.1,-5.9,39.0,23.0,57.4,4.8,50.0,2.0,5.8,11765,2018,12,13
347,-0.9350199998713027,-4.4,0.6,-7.8,32.0,17.0,44.3,8.7,90.6,1.7,3.5,14932,2018,12,14
348,0.6104326221796672,-2.4,3.2,-7.8,56.0,37.0,46.8,8.0,83.3,1.0,2.1,12720,2018,12,15
349,0.3,0.0,2.1,-2.6,55.0,39.0,63.8,1.1,11.5,0.9,1.7,10783,2018,12,16
350,0.3,1.6,5.9,-1.5,72.0,45.0,60.1,8.3,86.5,1.8,4.3,17449,2018,12,17
351,2.3698419680899736,2.6,7.4,-2.8,44.0,23.0,56.3,7.2,75.0,1.4,4.1,20917,2018,12,18
352,1.0383460698983473,4.0,9.5,1.3,50.0,28.0,53.4,7.8,81.3,1.4,3.3,21970,2018,12,19
353,1.7120532781667617,3.4,10.4,-1.1,55.0,37.0,45.5,7.5,78.1,0.9,2.4,22881,2018,12,20
354,11.198725734331912,5.6,9.8,0.4,69.0,44.0,40.1,3.2,33.3,1.1,2.6,23422,2018,12,21
355,1.0383460698983473,6.9,12.4,2.9,81.0,56.0,48.9,7.8,81.3,1.5,3.6,17127,2018,12,22
356,-0.06327458608874714,2.4,7.5,-3.4,48.0,27.0,43.0,8.3,86.5,2.9,5.7,13601,2018,12,23
357,-1.1648952420758416,-2.3,3.1,-5.9,21.0,11.0,35.9,8.8,91.7,1.6,3.6,16579,2018,12,24
358,11.412682458191252,0.6,5.2,-4.0,35.0,20.0,53.4,3.1,32.3,1.2,2.7,12437,2018,12,25
359,-0.06327458608874714,-1.5,3.0,-7.1,49.0,26.0,40.8,8.3,86.5,2.8,4.5,17112,2018,12,26
360,-0.9350199998713027,-10.1,-6.5,-12.5,26.0,9.0,28.3,8.7,90.6,3.5,5.8,11325,2018,12,27
361,-0.9350199998713027,-10.5,-6.6,-14.4,33.0,13.0,33.0,8.7,90.6,2.5,4.4,10445,2018,12,28
362,-0.9350199998713027,-7.6,-3.0,-10.5,36.0,9.0,29.0,8.7,90.6,2.9,5.5,8083,2018,12,29
363,-0.9350199998713027,-6.8,-0.9,-11.3,30.0,15.0,35.9,8.7,90.6,1.2,3.1,7864,2018,12,30
364,-0.06327458608874714,-5.4,-0.5,-10.5,45.0,29.0,39.6,8.3,86.5,1.2,3.4,11911,2018,12,31
365,-2.6648285207791886,-5.0,-0.6,-8.2,35.0,22.0,49.5,7.5,78.1,2.1,4.3,8601,2019,1,1
366,-5.311901798817253,-4.9,0.2,-8.8,31.0,19.0,42.8,8.7,90.6,1.7,3.6,14360,2019,1,2
367,-5.168635133710463,-3.5,3.2,-8.4,36.0,21.0,38.8,8.7,89.7,1.4,2.9,16344,2019,1,3
368,5.3400653867157875,-1.1,4.1,-6.2,56.0,36.0,55.5,3.9,40.2,1.2,3.0,17308,2019,1,4
369,-4.954678409851123,-2.8,1.1,-5.5,62.0,37.0,40.3,8.6,88.7,2.2,4.3,12380,2019,1,5
370,-2.9813123400814767,-2.8,2.7,-6.3,44.0,19.0,35.0,7.7,79.4,1.2,3.2,11094,2019,1,6
371,-1.4517782363757075,-1.9,3.1,-6.2,50.0,30.0,46.4,7.0,72.2,1.4,4.7,16795,2019,1,7
372,-5.168635133710463,-3.5,0.5,-7.2,39.0,17.0,31.0,8.7,89.7,2.6,6.5,15833,2019,1,8
373,-2.3235236501582612,-4.7,1.3,-9.4,44.0,19.0,28.8,7.4,76.3,1.3,3.5,15819,2019,1,9
374,7.147230287661693,-0.6,3.0,-4.5,54.0,29.0,48.8,3.1,31.6,1.3,3.8,17894,2019,1,10
375,-1.1104733657547765,2.4,7.2,-0.4,70.0,46.0,58.8,6.9,70.4,1.0,2.6,19271,2019,1,11
376,0.8469741856696711,2.8,8.0,-0.6,93.0,64.0,47.6,6.0,61.2,1.3,3.5,14519,2019,1,12
377,-4.811411744744333,1.2,7.6,-3.0,102.0,67.0,54.3,8.6,87.8,1.4,3.2,11751,2019,1,13
378,13.003654423589838,1.4,5.3,-2.4,158.0,112.0,68.6,0.4,4.1,0.9,2.5,14818,2019,1,14
379,0.0,-1.7,2.6,-7.2,130.0,79.0,58.8,4.7,47.5,2.7,6.1,14761,2019,1,15
380,0.0,-5.2,-1.1,-10.1,45.0,16.0,45.9,8.6,86.9,2.3,4.3,15823,2019,1,16
381,0.0,-0.3,4.0,-3.2,40.0,19.0,45.8,8.7,87.9,1.7,5.0,17960,2019,1,17
382,-4.454188355778204,0.6,6.7,-4.6,49.0,29.0,44.0,8.5,85.9,1.3,4.5,18901,2019,1,18
383,7.622899290415967,3.6,8.5,0.0,90.0,58.0,59.8,2.9,29.3,1.2,3.0,14883,2019,1,19
384,-4.952791862249427,-1.4,4.0,-5.5,62.0,30.0,38.5,8.8,88.0,3.2,5.5,11191,2019,1,20
385,0.0,-1.2,4.2,-6.7,42.0,20.0,57.8,1.0,10.0,1.6,4.3,17240,2019,1,21
386,-4.31092169067141,1.7,7.1,-3.3,62.0,26.0,62.0,8.5,85.0,1.7,4.4,19885,2019,1,22
387,-4.52487841453075,2.0,7.0,-0.8,71.0,42.0,48.9,8.6,86.0,2.3,5.1,19163,2019,1,23
388,-4.809525197142637,0.1,6.5,-4.6,38.0,19.0,34.9,8.8,87.1,1.7,3.5,20057,2019,1,24
389,-4.595568473283301,-1.2,2.6,-3.8,40.0,18.0,27.6,8.7,86.1,2.6,5.5,18159,2019,1,25
390,-4.809525197142637,-2.5,2.4,-6.5,38.0,17.0,30.9,8.8,87.1,2.4,4.4,13203,2019,1,26
391,-0.2527599227157271,-0.1,5.1,-6.6,37.0,19.0,52.5,6.7,65.7,1.7,3.7,12440,2019,1,27
392,0.0,1.2,4.5,-2.4,75.0,21.0,40.4,8.7,85.3,3.1,6.8,17317,2019,1,28
393,-4.46822032652171,-0.2,7.0,-5.6,61.0,19.0,35.5,8.7,85.3,1.5,3.7,19477,2019,1,29
394,-2.249060496202322,1.8,6.6,-2.8,56.0,27.0,54.6,7.7,74.8,1.5,3.8,20677,2019,1,30
395,6.76005640960686,-2.0,2.3,-6.2,65.0,20.0,29.0,3.4,33.0,2.9,4.7,17649,2019,1,31
396,0.3,-2.1,2.8,-7.4,37.0,16.0,47.6,5.7,55.3,1.7,4.9,17696,2019,2,1
397,0.0,1.4,6.1,-3.2,54.0,31.0,60.0,1.6,15.5,1.0,1.8,13742,2019,2,2
398,16.0,3.3,4.9,2.0,37.0,24.0,92.9,0.0,0.0,1.7,4.0,2010,2019,2,3
399,-3.6016689637804618,-0.6,3.0,-3.3,70.0,34.0,40.4,8.6,82.7,2.1,4.9,8562,2019,2,4
400,-1.8263410995249565,2.8,10.1,-3.6,72.0,24.0,37.1,7.8,74.3,1.0,2.9,9119,2019,2,5
401,7.467422588896115,5.1,9.3,0.1,85.0,29.0,54.9,3.3,31.4,1.3,3.1,13694,2019,2,6
402,0.5,-2.1,6.3,-8.2,61.0,29.0,45.5,8.7,82.9,3.5,5.5,14533,2019,2,7
403,-2.9349777408838023,-6.1,-1.3,-10.2,29.0,15.0,31.5,8.4,79.2,2.3,4.7,14782,2019,2,8
404,-4.780995663891858,-5.4,-1.9,-8.6,32.0,15.0,30.0,9.3,87.7,2.7,4.9,11760,2019,2,9
405,9.757272477968048,-5.0,-1.9,-9.1,39.0,20.0,31.3,2.2,20.8,1.7,3.6,9759,2019,2,10
406,-4.867604240989603,-3.0,2.0,-7.5,35.0,20.0,34.9,9.4,87.9,2.3,4.9,16881,2019,2,11
407,0.0,-0.6,3.7,-4.1,53.0,33.0,35.5,8.5,79.4,1.9,4.3,18862,2019,2,12
408,-4.455609311616126,-2.1,2.5,-5.7,34.0,18.0,26.6,9.2,86.0,2.4,5.1,18411,2019,2,13
409,-4.328261164854535,-0.5,6.3,-5.9,43.0,21.0,24.3,9.2,85.2,1.4,3.2,19376,2019,2,14
410,2.2,-0.8,0.9,-2.9,36.0,24.0,72.8,0.0,0.0,1.9,4.0,9213,2019,2,15
411,0.2,-2.7,1.5,-5.1,56.0,44.0,59.0,8.8,80.7,2.6,4.6,12641,2019,2,16
412,-5.405060769522983,-1.8,4.6,-6.8,32.0,22.0,47.4,9.8,89.9,1.9,4.2,13390,2019,2,17
413,3.0239734904872915,0.9,5.9,-4.7,36.0,22.0,43.5,5.6,51.4,1.3,2.8,19916,2019,2,18
414,4.6,1.4,3.0,0.2,38.0,28.0,80.8,0.6,5.5,1.4,3.9,11689,2019,2,19
415,0.0,1.7,4.5,-0.1,52.0,42.0,67.8,2.2,20.0,2.1,4.1,19572,2019,2,20
416,-4.881636211733106,2.4,9.0,-2.6,74.0,60.0,59.4,9.6,87.3,1.5,3.4,20995,2019,2,21
417,-4.556249859457374,4.0,10.8,-1.6,65.0,49.0,56.1,9.5,85.6,1.5,3.7,21727,2019,2,22
418,-3.7640970374008162,6.8,14.5,0.5,46.0,32.0,41.0,9.1,82.0,1.1,2.9,23742,2019,2,23
419,-5.419092740266482,6.3,13.7,1.2,52.0,39.0,45.0,10.0,89.3,1.8,4.9,21933,2019,2,24
420,-1.4742471483288853,4.7,10.2,1.3,78.0,57.0,55.8,8.0,71.4,2.3,4.8,23445,2019,2,25
421,-4.428901712695787,5.2,12.0,-1.5,47.0,25.0,32.8,9.5,84.8,1.6,4.9,28010,2019,2,26
422,-0.9826596272294132,7.8,14.0,4.7,59.0,39.0,31.3,7.8,69.0,1.6,4.3,28652,2019,2,27
423,-1.5767742437718333,6.6,12.8,2.0,76.0,50.0,39.5,8.1,71.7,2.0,4.7,27431,2019,2,28
424,-4.695808042632031,6.6,13.0,1.2,105.0,74.0,42.3,9.9,87.6,2.1,4.4,21751,2019,3,1
425,0.08894592639772547,7.8,14.7,1.3,103.0,74.0,37.6,7.5,65.8,1.1,3.3,22503,2019,3,2
426,-0.6872883773136333,9.4,16.1,2.5,89.0,64.0,36.4,7.9,69.3,1.5,3.3,24382,2019,3,3
427,-3.1025998655454643,9.9,16.3,5.0,138.0,97.0,46.1,9.2,80.0,1.9,4.7,26887,2019,3,4
428,9.84758953699793,8.4,12.9,5.6,171.0,124.0,66.3,2.5,21.7,2.0,3.9,24042,2019,3,5
429,8.87331702777243,8.4,12.4,5.7,128.0,89.0,55.0,3.0,26.1,2.0,4.3,25379,2019,3,6
430,-4.725758531720736,7.0,12.7,3.1,50.0,36.0,51.1,10.1,87.1,2.2,5.1,31156,2019,3,7
431,-5.866232209769979,6.1,13.4,0.6,44.0,25.0,39.4,10.7,92.2,1.9,4.2,33073,2019,3,8
432,-3.8380945995929814,7.2,14.9,-0.4,36.05155642023346,21.53261927945472,31.8,9.7,82.9,1.3,3.0,32421,2019,3,9
433,14.093000429892616,10.1,15.3,6.7,36.05155642023346,21.53261927945472,26.4,0.3,2.6,1.2,2.9,31050,2019,3,10
434,0.0,6.6,10.0,3.5,36.05155642023346,21.53261927945472,61.0,3.6,30.5,1.8,4.3,28539,2019,3,11
435,0.0,3.9,7.9,-0.3,36.05155642023346,21.53261927945472,55.1,1.8,15.3,2.7,6.0,25537,2019,3,12
436,0.0,3.5,8.5,-0.4,36.05155642023346,21.53261927945472,38.5,10.1,85.6,3.3,7.2,28653,2019,3,13
437,0.0,5.0,10.0,-1.7,36.0,17.0,45.3,7.0,58.8,1.9,3.8,30997,2019,3,14
438,3.5,5.5,11.3,1.6,62.0,34.0,72.8,2.8,23.5,1.6,5.4,20481,2019,3,15
439,5.294597357774407,4.3,9.2,0.2,36.05155642023346,21.53261927945472,69.9,5.0,41.7,1.8,5.1,26057,2019,3,16
440,-3.8839636070268853,6.3,12.4,2.6,36.05155642023346,21.53261927945472,55.4,9.9,82.5,2.0,4.4,35622,2019,3,17
441,-1.634853287618796,7.1,14.4,1.4,35.0,21.0,43.8,8.7,72.5,1.4,4.7,36313,2019,3,18
442,-0.79494491052664,10.0,16.7,3.4,58.0,34.0,52.0,8.3,68.6,1.4,3.3,39908,2019,3,19
443,16.5,10.3,14.6,7.1,87.0,63.0,79.0,0.0,0.0,1.4,3.9,16204,2019,3,20
444,3.3,7.1,11.1,1.9,29.0,21.0,77.4,3.9,32.0,2.9,5.5,26455,2019,3,21
445,-5.894296151256988,3.3,8.3,-0.7,35.0,19.0,40.9,11.1,91.0,2.8,5.0,32363,2019,3,22
446,1.7,3.3,8.2,-0.4,22.0,14.0,46.9,7.9,64.8,2.4,6.3,21696,2019,3,23
447,-6.147105897178477,4.3,9.7,-0.8,28.0,13.0,45.4,11.3,91.9,2.3,4.9,31622,2019,3,24
448,11.543324809527443,7.3,11.5,2.9,41.0,23.0,56.1,1.7,13.8,2.0,5.1,34226,2019,3,25
449,-3.4541636117065124,11.4,17.6,7.4,52.0,30.0,51.1,9.9,79.8,2.0,4.7,42644,2019,3,26
450,8.447290127655446,11.6,16.2,8.9,78.0,47.0,66.4,3.4,27.4,3.0,6.4,35832,2019,3,27
451,-3.4541636117065124,9.4,14.6,5.6,78.0,46.0,49.9,9.9,79.8,2.6,4.8,38806,2019,3,28
452,-4.451370624648963,9.2,15.1,5.5,35.0,17.0,33.1,10.5,84.0,2.1,4.7,43893,2019,3,29
453,1.8,5.2,8.4,3.5,33.0,20.0,72.0,3.0,24.0,2.9,6.3,14001,2019,3,30
454,0.0,4.4,8.4,2.6,39.0,24.0,46.0,3.2,25.4,3.2,5.5,22326,2019,3,31
455,-6.127478896901142,5.5,11.3,0.3,23.0,12.0,39.8,11.7,92.9,2.5,5.8,37660,2019,4,1
456,-6.127478896901142,6.7,13.0,1.3,30.0,16.0,36.9,11.7,92.9,2.2,6.1,42029,2019,4,2
457,-6.000130750139547,7.6,13.6,1.9,34.0,20.0,36.1,11.7,92.1,2.3,5.0,43257,2019,4,3
458,-6.000130750139547,9.2,15.7,3.0,32.0,17.0,43.0,11.7,92.1,2.5,5.0,45681,2019,4,4
459,0.0,11.4,17.2,7.0,65.0,19.0,41.0,9.3,72.7,2.9,5.4,45643,2019,4,5
460,0.8,9.3,12.2,5.9,51.0,16.0,39.9,0.5,3.9,1.1,2.8,25902,2019,4,6
461,-5.358260578561531,12.6,20.3,5.6,31.0,13.0,43.1,11.4,89.1,1.7,4.8,55943,2019,4,7
462,-4.352151032645633,11.6,17.2,7.6,32.0,11.0,25.6,10.9,84.5,2.5,5.2,52643,2019,4,8
463,17.4,9.2,13.9,4.7,23.0,10.0,49.1,0.8,6.2,2.4,4.4,24734,2019,4,9
464,5.6,7.1,10.2,4.7,6.0,3.0,78.4,1.1,8.5,1.8,3.1,26421,2019,4,10
465,-2.3010789187516885,9.5,15.7,4.3,21.0,12.0,58.0,9.8,75.4,1.9,4.7,51013,2019,4,11
466,-5.135401321728747,11.4,18.4,5.5,45.0,25.0,48.5,11.4,87.7,2.2,5.1,55125,2019,4,12
467,-3.963090606989109,11.8,17.9,6.2,44.0,29.0,34.0,10.8,82.4,1.8,5.0,57020,2019,4,13
468,1.7,9.6,13.6,6.9,32.0,18.0,45.5,5.0,38.2,2.2,7.3,28467,2019,4,14
469,-6.155542838388154,11.6,18.1,3.9,45.0,15.0,30.9,12.1,91.7,1.8,4.7,55422,2019,4,15
470,-5.094661752064905,14.9,22.6,6.8,41.0,20.0,26.3,11.5,87.1,1.6,4.1,60566,2019,4,16
471,-6.321744007211894,15.3,21.8,9.1,34.0,17.0,37.5,12.2,92.4,1.9,4.9,62522,2019,4,17
472,0.0,12.6,16.2,10.4,31.0,16.0,74.4,1.5,11.3,2.0,5.3,50439,2019,4,18
473,4.769751844146613,13.8,19.7,9.6,35.0,16.0,57.5,5.9,44.4,1.6,3.2,60925,2019,4,19
474,1.2,14.3,19.1,9.7,38.0,19.0,66.9,5.0,37.6,1.9,4.5,51068,2019,4,20
475,0.3,14.8,20.2,12.2,25.0,17.0,77.8,4.1,30.6,1.9,4.2,53339,2019,4,21
476,-4.191079301591948,19.3,28.2,10.7,72.0,27.0,50.6,11.1,82.8,1.4,4.2,63995,2019,4,22
477,0.0,20.4,25.5,15.3,79.0,34.0,52.0,4.2,31.3,1.3,3.8,58811,2019,4,23
478,4.1,19.5,25.9,15.8,50.0,30.0,70.4,8.0,59.3,1.6,4.5,55815,2019,4,24
479,11.3,13.2,17.2,9.4,37.0,15.0,75.9,0.0,0.0,2.0,3.6,22471,2019,4,25
480,4.9,8.4,9.9,6.2,8.0,4.0,82.1,0.0,0.0,1.5,3.5,26484,2019,4,26
481,-2.6226921758240316,11.6,18.2,4.1,16.0,9.0,52.6,10.3,75.7,1.7,3.6,65124,2019,4,27
482,0.0,12.9,16.6,9.9,18.0,11.0,48.8,3.4,25.0,1.6,3.7,56012,2019,4,28
483,9.425271118813084,13.0,17.3,8.3,20.0,12.0,52.9,3.3,24.1,0.9,2.0,63256,2019,4,29
484,-4.086665658547311,15.5,22.5,9.0,31.0,17.0,52.8,11.2,81.8,1.6,4.2,70213,2019,4,30
485,-3.1742452883721626,16.4,22.2,11.2,49.0,20.0,48.9,10.9,79.6,2.3,4.8,76439,2019,5,1
486,-6.1340292905091225,17.1,25.3,10.6,49.0,13.0,28.5,12.7,92.0,2.3,5.1,72430,2019,5,2
487,-5.635425784037896,17.9,26.1,10.1,52.0,22.0,37.5,12.4,89.9,1.6,4.4,73647,2019,5,3
488,-2.730413322308287,19.5,27.4,12.0,78.0,44.0,40.4,10.7,77.5,1.7,4.1,66392,2019,5,4
489,-3.3315439242224585,19.2,26.5,13.6,57.0,35.0,35.8,11.1,79.9,2.2,5.3,66911,2019,5,5
490,0.0,14.5,19.8,9.8,29.0,9.0,27.1,12.8,92.1,3.1,5.3,74806,2019,5,6
491,-6.370920518085409,15.0,21.9,8.4,42.0,14.0,33.4,12.9,92.8,2.3,5.0,70506,2019,5,7
492,-5.080164189557628,15.6,21.3,10.1,44.0,18.0,48.3,12.2,87.1,2.3,5.1,70426,2019,5,8
493,-4.913963020733885,16.6,22.9,11.7,43.0,19.0,43.3,12.1,86.4,2.2,4.5,71707,2019,5,9
494,-5.262283876726567,17.8,26.8,10.3,52.0,27.0,48.0,12.3,87.9,1.9,4.1,74960,2019,5,10
495,-5.831577441950341,20.3,28.3,13.2,55.0,29.0,39.0,12.7,90.1,1.8,3.9,76110,2019,5,11
496,-4.652250741838948,21.6,28.9,14.7,47.0,29.0,36.0,12.0,85.1,1.5,3.1,73318,2019,5,12
497,0.0,18.7,22.8,15.5,48.0,29.0,43.4,1.0,7.1,1.6,4.9,68389,2019,5,13
498,-6.218751320005175,19.6,26.9,12.9,36.0,25.0,44.5,13.0,91.5,1.6,4.1,78385,2019,5,14
499,1.4424209642321575,20.7,28.0,14.8,56.0,34.0,48.1,8.4,59.2,1.7,3.9,76969,2019,5,15
500,-5.387745475886465,23.5,30.0,16.7,55.0,32.0,43.8,12.5,88.0,1.5,4.1,75399,2019,5,16
501,8.454707091519719,23.6,28.3,17.6,45.0,29.0,44.9,4.2,29.6,1.2,3.2,79158,2019,5,17
502,0.0,22.8,25.9,19.1,24.0,13.0,46.8,4.3,30.1,2.1,4.8,79583,2019,5,18
503,22.0,19.4,21.6,17.9,14.0,7.0,93.0,0.0,0.0,1.2,2.7,12749,2019,5,19
504,8.7,16.4,20.2,13.0,37.0,9.0,63.6,10.5,73.4,3.4,6.1,72066,2019,5,20
505,-6.289441378757722,17.2,23.8,11.7,45.0,14.0,52.0,13.1,91.6,2.9,5.9,80599,2019,5,21
506,-5.362924424567819,19.5,26.5,12.3,50.0,22.0,46.0,12.6,87.5,2.4,5.4,80735,2019,5,22
507,-6.360131437510272,22.1,29.2,15.0,60.0,34.0,45.0,13.2,91.7,1.7,3.5,78504,2019,5,23
508,-5.529125593391562,24.2,33.4,16.2,67.0,41.0,46.4,12.7,88.2,1.7,4.1,77190,2019,5,24
509,3.7303843057023975,23.4,28.6,18.4,68.0,43.0,45.6,7.1,49.3,1.6,4.2,75791,2019,5,25
510,-2.6400316500071526,24.5,31.1,18.6,33.0,20.0,39.0,11.0,75.9,1.8,4.5,74327,2019,5,26
511,7.1,17.8,22.3,14.3,21.0,13.0,80.9,0.0,0.0,2.4,5.3,30670,2019,5,27
512,-5.932217989791592,18.1,24.6,11.9,22.0,7.0,45.9,13.0,89.7,2.6,4.9,83654,2019,5,28
513,-6.414902977917624,20.3,26.5,13.3,39.0,17.0,48.4,13.3,91.7,2.0,4.9,83496,2019,5,29
514,0.0,19.6,24.5,14.6,43.0,20.0,48.0,7.0,48.3,2.4,5.4,73814,2019,5,30
515,-4.6732986979542055,19.1,23.3,16.1,18.0,9.0,49.6,12.3,84.2,2.8,5.4,83765,2019,5,31
516,0.46484095156704086,18.9,23.7,14.8,29.0,19.0,60.5,9.4,64.4,1.9,4.2,79878,2019,6,1
517,-5.422890016016478,21.1,27.8,14.1,31.0,18.0,42.1,13.0,89.0,1.7,4.6,77091,2019,6,2
518,-4.275400352595483,23.1,29.5,16.0,34.0,18.0,42.9,12.3,84.2,1.8,5.0,82911,2019,6,3
519,-5.106406196714193,22.6,29.0,17.6,26.0,16.0,56.4,12.8,87.7,2.2,4.4,83576,2019,6,4
520,1.2799282773405523,23.0,29.6,17.8,40.0,23.0,63.8,8.9,61.0,1.8,4.3,81515,2019,6,5
521,7.5,21.2,25.1,18.6,48.0,27.0,75.9,0.0,0.0,1.2,4.1,36945,2019,6,6
522,35.3,20.0,24.7,17.0,11.0,6.0,77.3,3.7,25.2,1.9,3.5,54701,2019,6,7
523,0.6947161937715816,21.9,27.6,16.0,20.0,12.0,57.5,9.3,63.3,1.4,4.0,83736,2019,6,8
524,2.5,21.6,26.5,17.1,28.0,20.0,66.1,4.2,28.6,1.8,4.0,60371,2019,6,9
525,9.5,18.4,21.9,15.7,10.0,5.0,70.3,0.6,4.1,1.6,2.4,63032,2019,6,10
526,-1.5843446147252092,20.5,26.1,15.5,11.0,5.0,51.1,10.7,72.8,1.4,3.0,85776,2019,6,11
527,-5.3273789059452845,21.5,26.4,16.1,25.0,13.0,57.1,13.0,88.4,1.8,4.6,83506,2019,6,12
528,-4.195807760869489,23.0,28.8,16.6,24.0,15.0,51.9,12.3,83.7,1.7,4.0,81540,2019,6,13
529,5.9653980410957255,23.0,28.4,19.1,25.0,18.0,54.8,6.1,41.2,1.8,4.2,85533,2019,6,14
530,2.1,21.9,27.4,17.9,29.0,17.0,61.5,12.2,82.4,2.4,5.3,71883,2019,6,15
531,-2.153638179948988,22.0,27.2,16.1,12.0,8.0,55.4,11.1,75.0,1.6,4.7,81803,2019,6,16
532,0.0,21.7,26.2,18.1,20.0,12.0,59.1,12.7,85.8,2.3,4.1,86987,2019,6,17
533,13.8,20.8,24.8,17.0,25.0,16.0,78.6,2.0,13.5,1.5,4.0,42393,2019,6,18
534,0.2,21.4,25.4,18.9,27.0,19.0,77.8,0.9,6.1,1.9,4.1,79958,2019,6,19
535,4.667625727196189,22.7,27.8,19.8,24.0,16.0,70.6,6.9,46.6,1.9,4.2,88226,2019,6,20
536,0.2,22.1,26.1,19.4,24.0,15.0,72.9,3.4,23.0,1.7,3.7,81089,2019,6,21
537,-5.231867795874091,24.2,30.6,17.7,11.0,6.0,42.3,13.0,87.8,1.5,2.9,85728,2019,6,22
538,-5.081585145395547,25.0,31.0,19.1,11.0,6.0,40.4,12.9,87.2,1.8,4.4,79269,2019,6,23
539,-6.213156290471343,25.2,30.9,20.9,20.0,12.0,46.9,13.6,91.9,2.0,4.1,88432,2019,6,24
540,-5.880753952823859,25.6,32.8,19.5,29.0,18.0,49.1,13.4,90.5,1.6,4.2,88096,2019,6,25
541,0.0,25.5,29.5,20.7,31.0,20.0,52.6,1.1,7.4,1.3,3.1,81274,2019,6,26
542,1.4,25.5,31.2,21.9,18.0,12.0,70.5,3.9,26.4,1.4,3.5,79234,2019,6,27
543,0.0,24.7,29.0,22.3,40.0,28.0,67.3,2.4,16.2,1.7,3.8,77056,2019,6,28
544,1.5,23.1,27.7,19.6,22.0,15.0,72.0,4.1,27.7,1.2,3.2,67346,2019,6,29
545,0.0,23.9,28.5,20.9,31.0,22.0,73.5,5.2,35.4,2.3,4.5,74994,2019,6,30
546,-1.5029300886687746,23.9,28.9,20.6,31.0,21.0,64.4,10.9,74.1,2.3,5.2,92814,2019,7,1
547,-3.149023258560998,24.4,30.1,20.8,28.0,19.0,63.5,11.9,81.0,2.3,4.3,94783,2019,7,2
548,10.889580966757634,24.1,27.4,21.2,29.0,20.0,64.6,3.3,22.4,1.7,3.8,94773,2019,7,3
549,-4.4467955724605375,25.4,32.8,20.0,28.0,17.0,59.6,12.7,86.4,1.9,4.5,90397,2019,7,4
550,0.0,27.6,35.0,20.2,32.0,20.0,42.1,11.8,80.3,1.5,4.3,83994,2019,7,5
551,-2.9828220897372546,29.7,36.1,24.6,29.0,21.0,40.9,11.8,80.3,1.7,3.9,70246,2019,7,6
552,0.277527213356791,26.7,32.5,22.7,19.0,12.0,43.3,9.8,66.7,2.2,3.3,75116,2019,7,7
553,1.028940465749507,25.1,31.0,21.2,10.0,5.0,46.6,9.3,63.7,2.0,3.3,93609,2019,7,8
554,3.65632213023898,25.0,30.0,19.7,10.0,6.0,46.4,7.7,52.7,1.8,3.1,95859,2019,7,9
555,8.5,22.7,27.3,19.3,10.0,6.0,64.1,3.1,21.2,2.0,3.3,43842,2019,7,10
556,2.9,21.9,25.9,19.5,8.0,4.0,76.9,0.0,0.0,1.3,2.8,65003,2019,7,11
557,4.8038117936599765,23.6,28.7,20.0,14.0,8.0,65.5,7.0,47.9,2.0,4.4,94473,2019,7,12
558,0.0,24.9,29.7,22.1,30.0,22.0,67.3,4.1,28.1,1.7,3.9,81067,2019,7,13
559,3.4264468880344428,25.9,31.6,21.2,38.0,29.0,64.6,7.8,53.8,1.6,3.8,74259,2019,7,14
560,7.7,23.8,27.4,22.1,33.0,23.0,80.0,0.1,0.7,1.1,3.0,57917,2019,7,15
561,6.3,24.7,28.8,21.4,25.0,19.0,79.0,4.0,27.6,1.3,3.4,82285,2019,7,16
562,0.7,25.6,29.2,22.3,57.0,41.0,73.9,1.0,6.9,1.2,2.9,84261,2019,7,17
563,10.99210806220058,26.9,32.1,23.3,64.0,48.0,65.0,3.2,22.1,1.2,3.2,81613,2019,7,18
564,0.0,28.6,35.0,22.8,34.0,17.0,61.3,9.8,68.1,1.5,4.6,77449,2019,7,19
565,1.1,28.0,31.9,25.1,9.0,5.0,66.9,1.2,8.3,2.1,3.6,56648,2019,7,20
566,6.2,25.1,27.0,24.2,15.0,10.0,87.1,0.6,4.2,2.2,4.4,46130,2019,7,21
567,0.1,26.7,31.0,24.2,43.0,32.0,74.6,6.1,42.4,2.2,3.6,82781,2019,7,22
568,9.646580193265446,28.1,32.9,24.4,26.0,17.0,70.8,4.0,27.8,1.7,3.6,83206,2019,7,23
569,1.0,26.5,27.2,25.2,24.0,16.0,82.3,0.0,0.0,1.6,3.4,59020,2019,7,24
570,9.7,26.3,27.4,25.6,25.0,17.0,90.1,0.0,0.0,1.2,3.4,34778,2019,7,25
571,60.0,25.1,25.9,23.7,18.0,13.0,95.3,0.0,0.0,1.7,4.5,22789,2019,7,26
572,0.6,28.4,33.4,24.9,20.0,12.0,76.6,4.7,32.9,1.3,3.9,50955,2019,7,27
573,25.6,26.1,28.2,25.0,15.0,21.53261927945472,88.3,0.0,0.0,2.2,4.8,23342,2019,7,28
574,0.5,27.5,30.0,25.6,14.0,12.0,74.5,2.6,18.3,2.6,5.0,74046,2019,7,29
575,1.2,28.1,30.8,26.3,19.0,12.0,75.3,1.6,11.3,3.4,5.9,69757,2019,7,30
576,62.3,25.8,27.5,24.0,17.0,12.0,91.1,0.0,0.0,2.2,5.3,26874,2019,7,31
577,26.9,26.3,30.1,23.5,14.0,9.0,86.4,4.9,34.8,1.7,4.6,59803,2019,8,1
578,2.7386430957512733,28.4,33.1,24.7,19.0,13.0,74.6,8.3,58.9,1.2,3.0,67510,2019,8,2
579,3.0,29.4,36.0,25.6,21.0,15.0,69.0,10.6,75.7,1.3,4.5,49047,2019,8,3
580,8.6,28.3,34.4,25.0,27.0,21.53261927945472,75.9,8.6,61.4,1.2,3.3,46477,2019,8,4
581,-2.2085389468988375,30.5,35.9,25.6,37.0,31.0,65.5,11.2,80.0,1.1,3.2,65085,2019,8,5
582,-0.09567930722578843,31.6,36.8,27.9,27.0,23.0,51.4,9.9,71.2,1.5,2.8,66703,2019,8,6
583,8.0,26.9,30.3,23.9,20.0,13.0,78.1,1.9,13.7,1.2,2.8,50804,2019,8,7
584,0.0,28.9,32.7,25.9,40.0,33.0,71.4,7.5,54.0,1.6,3.6,69748,2019,8,8
585,-1.6233268633298668,29.8,34.6,26.0,27.0,20.0,69.0,10.8,77.7,1.3,4.1,67491,2019,8,9
586,-3.080284360681393,31.5,36.5,26.6,20.0,13.0,57.9,11.6,84.1,1.5,3.4,54162,2019,8,10
587,6.7,30.4,35.7,26.3,17.0,12.0,53.6,9.8,71.0,2.5,4.1,43351,2019,8,11
588,56.2,26.6,28.5,24.8,19.0,14.0,91.8,0.3,2.2,1.3,2.3,24386,2019,8,12
589,6.4,29.2,35.3,25.1,22.0,15.0,76.9,7.3,53.3,1.5,4.7,63749,2019,8,13
590,0.9244622094336155,30.4,35.7,25.9,17.0,11.0,63.9,9.2,67.2,1.5,3.1,65452,2019,8,14
591,16.2,25.9,28.6,23.9,9.0,5.0,82.0,0.1,0.7,1.3,2.7,32229,2019,8,15
592,0.1,25.9,29.5,23.0,16.0,10.0,74.5,7.5,55.1,2.2,5.0,71161,2019,8,16
593,0.0,25.9,28.8,23.4,31.0,21.0,69.5,8.1,59.6,2.5,4.6,72259,2019,8,17
594,-1.823251616445697,25.6,30.7,22.6,21.0,15.0,66.5,10.7,79.3,1.7,3.2,72588,2019,8,18
595,-2.5039748100858645,26.3,31.3,21.2,23.0,17.0,60.6,11.1,82.2,1.1,2.7,81832,2019,8,19
596,-1.4749307604530149,28.2,32.8,23.2,28.0,22.0,56.3,10.5,77.8,1.5,3.2,82116,2019,8,20
597,1.3,27.0,30.4,24.4,29.0,23.0,67.3,3.2,23.9,1.2,3.2,56957,2019,8,21
598,-1.9187627265168903,26.9,31.4,23.0,39.0,30.0,66.5,10.7,79.9,1.7,4.4,82232,2019,8,22
599,-4.174889031296733,26.2,30.5,22.7,31.0,20.0,58.4,12.0,89.6,2.1,4.4,86624,2019,8,23
600,11.419956896648007,24.1,27.3,21.5,22.0,12.0,60.9,3.0,22.6,1.5,3.5,85630,2019,8,24
601,-0.6050718942721556,25.0,29.9,20.2,20.0,14.0,66.6,9.9,74.4,1.5,4.0,81028,2019,8,25
602,0.5264992508036404,26.4,32.1,21.5,25.0,17.0,63.8,9.2,69.7,1.2,4.0,87770,2019,8,26
603,20.0,25.7,29.3,22.2,25.0,19.0,71.1,5.6,42.4,1.0,2.5,83107,2019,8,27
604,16.55725838544194,26.1,30.2,23.6,29.0,21.0,66.2,0.1888387083369878,0.0,1.9,4.3,88718,2019,8,28
605,36.9,23.4,26.4,20.1,26.0,21.0,77.1,4.9,37.4,2.2,7.5,65708,2019,8,29
606,0.2,22.6,27.0,19.5,20.0,11.0,66.3,8.8,67.2,2.4,5.0,86733,2019,8,30
607,-4.675379085369656,23.5,28.9,18.5,19.0,11.0,65.0,12.1,92.4,1.9,4.7,90724,2019,8,31
608,4.826617070834425,23.7,27.8,19.2,19.0,13.0,64.0,6.9,53.1,1.4,2.9,89191,2019,9,1
609,3.94785567168012,24.4,29.7,19.4,25.0,16.0,56.6,7.4,56.9,1.6,3.5,92510,2019,9,2
610,0.0,24.1,28.0,22.0,23.0,15.0,67.6,2.9,22.5,2.3,3.8,74801,2019,9,3
611,22.7,22.8,25.5,21.2,6.0,3.0,89.0,1.1,8.5,2.5,4.5,27168,2019,9,4
612,36.4,23.0,27.6,21.5,9.0,6.0,91.4,1.5,11.6,2.0,5.0,33929,2019,9,5
613,2.4,25.3,29.1,21.6,13.0,8.0,79.8,0.4,3.1,2.1,3.4,16631,2019,9,6
614,0.0,24.7,27.3,22.9,36.05155642023346,21.53261927945472,76.9,1.4,11.0,1.9,4.8,52055,2019,9,8
615,0.0,25.1,28.0,22.4,35.0,26.0,74.3,2.0,15.7,1.7,3.6,68370,2019,9,9
616,63.2,23.8,26.5,22.1,13.0,9.0,93.4,1.0,7.9,2.4,4.0,18265,2019,9,10
617,7.6,24.3,28.7,20.4,6.0,4.0,71.4,6.9,54.8,3.1,4.7,75328,2019,9,11
618,3.9,21.0,22.9,18.7,15.0,5.0,72.3,0.0,0.0,2.6,4.8,32059,2019,9,12
619,0.1,23.3,29.3,18.3,16.0,6.0,60.4,10.9,87.2,1.7,3.5,57065,2019,9,13
620,0.3,22.4,24.1,20.8,20.0,11.0,80.0,0.2,1.6,1.2,2.9,48756,2019,9,14
621,-2.246100239665566,24.2,30.0,19.5,16.0,10.0,70.4,10.6,84.8,1.7,4.1,82678,2019,9,15
622,-0.15617510370946697,24.5,30.5,20.7,14.0,7.0,53.0,9.4,75.8,2.1,4.5,89807,2019,9,16
623,-2.357529868081958,23.5,29.0,18.0,16.0,9.0,41.6,10.6,85.5,2.1,4.4,92153,2019,9,17
624,-4.376764945285508,21.0,25.4,16.0,29.0,13.0,46.0,11.7,94.4,3.1,4.9,92045,2019,9,18
625,-1.7245622294773906,19.5,26.0,13.6,27.0,11.0,46.5,10.2,82.9,1.9,4.3,91554,2019,9,19
626,14.659193630355544,19.6,24.2,15.8,23.0,10.0,52.8,1.3,10.6,2.1,3.5,94246,2019,9,20
627,17.058586600242176,19.6,22.1,18.3,17.0,9.0,60.3,0.0,0.0,2.0,3.7,86676,2019,9,21
628,0.4,18.6,19.6,17.3,5.0,4.0,63.4,0.0,0.0,3.8,6.4,41173,2019,9,22
629,0.38128142482390537,20.0,24.6,16.9,12.0,6.0,51.1,9.0,73.8,2.2,5.0,92006,2019,9,23
630,-4.180613287373063,19.8,26.5,13.9,22.0,13.0,61.3,11.4,94.2,1.8,3.5,93546,2019,9,24
631,0.6659282074357922,20.9,27.4,14.8,27.0,17.0,64.4,8.8,72.7,1.4,3.0,92665,2019,9,25
632,1.8770919442375842,22.9,29.0,17.7,26.0,17.0,59.3,8.1,67.5,1.9,3.3,92247,2019,9,26
633,10.493375329186854,22.9,27.0,19.6,21.0,13.0,57.5,3.5,29.2,1.9,3.1,93345,2019,9,27
634,-1.876731427557628,23.7,29.2,19.4,28.0,20.0,58.9,10.1,84.2,1.7,3.3,89550,2019,9,28
635,-3.8730320010442227,22.6,28.6,17.9,35.0,27.0,60.6,11.1,93.3,1.7,4.0,86133,2019,9,29
636,-2.7325583229949792,22.4,29.9,16.4,45.0,33.0,61.0,10.5,88.2,1.6,3.4,88270,2019,9,30
637,3.224441747503162,23.1,28.2,17.6,45.0,34.0,67.1,7.5,63.6,1.8,4.4,88575,2019,10,1
638,23.1,21.6,24.2,20.0,24.0,18.0,88.0,0.0,0.0,3.0,5.5,27368,2019,10,2
639,4.6,22.4,27.3,19.8,8.0,4.0,73.4,6.0,50.8,2.8,4.9,75438,2019,10,3
640,-1.4329640747650014,22.4,27.8,18.0,23.0,16.0,71.5,9.9,84.6,2.1,3.9,94912,2019,10,4
641,0.6,18.7,21.9,14.7,40.0,25.0,72.6,2.3,19.7,2.9,4.6,83020,2019,10,5
642,-0.5860397123010923,18.1,22.7,13.2,11.0,5.0,53.4,9.4,81.0,2.9,4.8,82855,2019,10,6
643,25.4,14.8,17.9,13.3,11.0,7.0,92.0,0.0,0.0,1.8,3.6,21875,2019,10,7
644,-2.320628006892754,14.7,19.8,10.6,21.0,11.0,58.8,10.3,88.8,2.6,6.2,81524,2019,10,8
645,-3.026172251851566,13.6,20.4,7.7,22.0,10.0,48.3,10.6,92.2,1.7,3.8,85638,2019,10,9
646,15.325820239980954,15.2,19.8,10.7,28.0,16.0,60.9,1.1,9.6,1.3,2.8,81742,2019,10,10
647,-2.5753243004159394,18.8,26.1,13.0,33.0,21.0,60.0,10.3,90.4,1.9,4.9,92155,2019,10,11
648,-2.955482193099016,17.9,23.3,13.3,23.0,12.0,49.3,10.5,92.1,3.5,6.7,84843,2019,10,12
649,-3.153520398613157,17.2,23.8,12.1,18.0,9.0,52.6,10.6,93.0,1.9,4.1,84368,2019,10,13
650,-2.3065960361492515,14.4,19.6,9.5,30.0,18.0,56.9,10.1,89.4,2.5,5.1,79509,2019,10,14
651,2.3985653411545105,14.5,20.4,8.8,17.0,9.0,55.6,7.7,68.1,1.6,4.3,85516,2019,10,15
652,-1.839829566368424,14.6,20.8,9.0,24.0,15.0,58.3,9.8,87.5,1.6,3.6,84549,2019,10,16
653,2.8812503292805403,15.4,21.6,11.2,28.0,18.0,56.0,7.4,66.1,1.7,3.5,85596,2019,10,17
654,1.7089396145408973,17.0,22.7,12.0,17.0,11.0,58.3,8.0,71.4,2.4,4.3,89551,2019,10,18
655,-2.759330535186571,17.0,23.1,12.1,20.0,11.0,63.8,10.2,91.9,1.8,3.7,87553,2019,10,19
656,-0.9769866855593161,16.5,22.9,12.0,33.0,21.0,70.3,9.3,83.8,1.3,3.0,79300,2019,10,20
657,-1.5711013021017362,17.1,24.6,10.9,39.0,26.0,61.0,9.6,86.5,1.0,2.4,84488,2019,10,21
658,-0.6923399029474258,18.1,24.4,13.3,39.0,26.0,56.1,9.1,82.7,1.6,3.3,88478,2019,10,22
659,16.05429898865672,17.0,20.7,14.3,22.0,15.0,57.3,0.7,6.4,2.4,4.4,87991,2019,10,23
660,4.194941161525275,18.3,23.8,15.3,28.0,18.0,47.6,6.6,60.6,2.7,5.1,89520,2019,10,24
661,0.0,16.7,22.0,13.1,23.0,11.0,58.0,7.1,65.1,2.4,5.6,84617,2019,10,25
662,-0.011616709307260109,10.0,14.9,6.6,22.0,14.0,60.0,8.7,79.8,2.5,5.2,67578,2019,10,26
663,-2.3492221534147895,11.0,17.4,4.7,23.0,14.0,59.0,9.8,90.7,1.6,4.2,65774,2019,10,27
664,1.7,12.9,17.7,7.4,30.0,20.0,65.9,7.3,67.6,2.5,4.7,67175,2019,10,28
665,0.1,12.5,17.6,8.2,65.0,15.0,61.0,9.0,83.3,2.3,5.2,71135,2019,10,29
666,-2.0804938891480997,11.2,17.7,5.0,25.0,12.0,60.3,9.6,89.7,1.6,3.8,76898,2019,10,30
667,1.1677099908041324,14.8,19.7,8.4,66.0,23.0,73.8,8.0,74.8,2.3,5.2,76860,2019,10,31
668,-1.484557338275236,14.9,20.5,11.4,100.0,36.0,57.9,9.5,88.8,1.8,3.9,77604,2019,11,1
669,11.096263252160217,13.6,18.7,8.3,66.0,35.0,57.3,3.3,31.1,1.5,2.9,68223,2019,11,2
670,1.8661736371199407,14.7,22.1,9.4,53.0,33.0,57.8,7.8,73.6,2.1,4.7,67452,2019,11,3
671,-2.023900414410308,13.8,20.3,9.2,14.0,7.0,57.8,9.7,91.5,2.1,3.7,78874,2019,11,4
672,1.342749079330071,12.4,18.4,8.4,32.0,20.0,65.1,8.0,76.2,1.6,3.8,78675,2019,11,5
673,2.3806956619363664,11.0,16.5,6.3,48.0,32.0,63.6,7.5,71.4,1.8,4.4,74812,2019,11,6
674,-1.882520296905211,9.2,13.6,5.0,44.0,24.0,42.8,9.5,91.3,2.7,5.3,68315,2019,11,7
675,-2.3104337446238894,6.8,13.0,1.1,44.0,18.0,31.4,9.7,93.3,1.9,4.4,65110,2019,11,8
676,-2.3104337446238894,9.5,17.2,3.5,41.0,22.0,41.4,9.7,93.3,1.6,4.2,60693,2019,11,9
677,11.8,10.0,15.3,6.2,39.0,26.0,59.6,3.3,32.0,2.1,3.8,40503,2019,11,10
678,1.1,11.2,15.1,7.9,23.0,14.0,71.6,7.2,69.9,2.4,4.8,58957,2019,11,11
679,5.929464842845689,9.3,14.5,4.8,38.0,23.0,63.6,5.7,55.3,1.4,2.7,68210,2019,11,12
680,7.5,7.2,11.3,3.0,34.0,20.0,72.3,0.0,0.0,2.8,6.0,39198,2019,11,13
681,-2.5969670748374654,1.3,5.0,-2.5,19.0,6.0,30.6,9.7,95.1,2.9,5.8,45095,2019,11,14
682,18.8,5.6,7.6,1.4,22.0,13.0,87.4,0.1,1.0,2.0,3.5,15069,2019,11,15
683,6.047910456633832,6.8,12.7,3.8,31.0,21.0,81.3,5.6,54.9,1.6,3.0,45493,2019,11,16
684,21.1,8.3,10.5,5.6,26.0,16.0,79.4,0.0,0.0,3.1,6.4,11303,2019,11,17
685,14.7,4.6,12.7,0.4,71.0,12.0,59.8,8.0,79.2,3.9,7.0,37496,2019,11,18
686,0.0,0.2,4.0,-3.5,28.0,9.0,48.0,9.4,93.1,2.8,5.8,40356,2019,11,19
687,-2.1142820867114427,0.5,6.3,-4.6,20.0,11.0,35.5,9.4,93.1,1.8,4.6,42026,2019,11,20
688,5.6588500309773035,4.2,9.0,-2.3,34.0,19.0,37.4,5.7,57.0,1.9,4.2,47091,2019,11,21
689,-1.4017218563808793,9.7,17.3,3.0,40.0,21.0,34.1,9.0,90.0,2.1,4.8,56700,2019,11,22
690,0.7378453822125106,12.1,17.7,7.7,33.0,19.0,52.0,8.0,80.0,1.8,3.6,54283,2019,11,23
691,3.8,9.8,15.6,4.6,32.0,20.0,74.6,1.8,18.2,2.2,6.0,24304,2019,11,24
692,5.34938219704677,1.9,6.0,-1.2,24.0,15.0,62.1,5.8,58.6,2.7,5.9,42677,2019,11,25
693,0.8244539593102562,6.6,13.7,1.2,25.0,17.0,64.0,7.9,79.8,2.0,4.5,52464,2019,11,26
694,-0.031372936127096906,3.1,6.8,0.3,33.0,21.0,50.8,8.3,83.8,2.7,4.6,46248,2019,11,27
695,-1.6882551865944588,3.5,10.4,-0.6,33.0,20.0,52.4,9.0,91.8,2.0,4.3,46983,2019,11,28
696,-2.3460438765176725,1.5,6.9,-3.4,43.0,30.0,42.8,9.3,94.9,2.0,4.0,44689,2019,11,29
697,6.339573224617472,4.1,9.3,-1.4,44.0,34.0,42.6,5.3,54.1,1.7,3.4,38366,2019,11,30
698,3.3,4.6,6.2,2.3,38.0,30.0,79.4,0.0,0.0,1.6,4.1,9680,2019,12,1
699,-0.8624433935170597,-0.1,2.8,-3.2,21.0,15.0,48.0,8.8,89.8,3.1,6.2,34397,2019,12,2
700,0.6,0.5,4.2,-5.0,26.0,17.0,61.3,3.1,31.6,1.6,3.6,33580,2019,12,3
701,0.0,2.0,7.2,-2.0,27.0,18.0,41.6,8.7,89.7,1.8,4.4,38576,2019,12,4
702,-1.877455472406405,-4.4,-0.2,-8.5,19.0,13.0,31.9,9.2,94.8,3.2,6.0,29277,2019,12,5
703,-2.107330714610944,-5.9,-1.0,-10.6,29.0,20.0,34.5,9.3,95.9,1.7,3.8,26723,2019,12,6
704,0.1,-2.4,1.2,-5.5,45.0,36.0,65.0,1.1,11.3,1.7,3.1,23013,2019,12,7
705,-1.2355853008283884,-0.9,4.9,-5.5,55.0,48.0,65.1,8.9,91.8,1.4,3.2,22597,2019,12,8
706,0.0,3.2,8.0,-1.3,62.0,54.0,56.8,1.4,14.4,2.5,3.9,34140,2019,12,9
707,1.7,8.1,10.8,6.0,97.0,80.0,82.3,2.0,20.6,1.2,3.5,33275,2019,12,10
708,0.2,6.3,9.8,0.1,79.0,60.0,62.0,5.2,54.2,3.4,7.2,34049,2019,12,11
709,-1.8226839319990535,-0.7,3.4,-3.5,21.0,18.0,45.4,9.1,94.8,1.8,4.2,33704,2019,12,12
710,1.0,2.1,5.9,-3.7,28.0,20.0,53.6,3.4,35.4,2.0,4.3,34258,2019,12,13
711,0.0,2.7,6.4,-0.1,38.0,29.0,58.3,8.3,86.5,2.3,5.3,27424,2019,12,14
712,2.155885244230637,5.3,11.0,0.4,34.0,28.0,52.5,7.3,76.0,2.0,3.6,29692,2019,12,15
713,3.6854193479364064,7.8,12.9,2.1,35.0,25.0,58.9,6.6,68.8,1.9,3.2,41750,2019,12,16
714,9.8,7.7,10.2,3.2,27.0,21.0,81.4,0.0,0.0,2.3,4.5,25644,2019,12,17
715,-0.2772313099480872,0.8,5.2,-1.7,40.0,30.0,64.6,8.4,87.5,2.5,4.2,34899,2019,12,18
716,0.0,-0.8,3.1,-4.5,29.0,20.0,47.8,8.5,88.5,2.4,4.8,32972,2019,12,19
717,0.0,-1.1,2.0,-3.5,30.0,22.0,45.3,8.9,92.7,2.3,3.9,32521,2019,12,20
718,0.6,-1.2,1.5,-5.1,37.0,26.0,68.1,1.9,19.8,1.7,2.9,20302,2019,12,21
719,0.3,4.1,8.4,0.3,60.0,45.0,63.4,5.2,54.2,1.7,3.5,24430,2019,12,22
720,2.9,3.4,5.2,0.3,53.0,42.0,80.4,2.4,25.0,2.0,4.2,29028,2019,12,23
721,0.6104326221796672,0.8,6.5,-2.9,77.0,59.0,67.9,8.0,83.3,1.4,3.1,33334,2019,12,24
722,10.968850492127375,2.0,6.6,-2.7,55.0,42.0,60.8,3.3,34.4,1.0,3.2,22428,2019,12,25
723,0.3,2.0,4.1,-2.4,50.0,35.0,59.0,1.3,13.5,2.4,5.2,25007,2019,12,26
724,-1.608727208139717,-1.7,2.6,-4.6,36.0,27.0,45.4,9.0,93.8,2.1,4.3,29243,2019,12,27
725,5.460747212191912,1.1,6.1,-3.6,44.0,30.0,47.6,5.8,60.4,2.0,3.7,26046,2019,12,28
726,1.4,3.8,6.2,1.1,46.0,31.0,52.5,0.0,0.0,2.9,4.4,18701,2019,12,29
727,0.4,2.7,6.8,-5.7,40.0,29.0,70.3,0.0,0.0,2.9,7.4,22952,2019,12,30
728,0.0,-7.9,-4.5,-10.9,27.0,19.0,39.3,9.1,94.8,3.1,7.5,18436,2019,12,31
729,0.1,-2.2,0.3,-6.5,34.0,24.0,64.4,0.8,8.3,0.6,2.6,16236,2020,1,1
730,13.875399837372392,1.0,3.8,-0.7,59.0,45.0,65.4,0.0,0.0,1.2,4.0,28890,2020,1,2
731,-5.3825918575698,-0.1,4.6,-3.4,66.0,48.0,56.9,8.8,90.7,1.7,3.5,30809,2020,1,3
732,-3.409225787800157,1.2,6.1,-2.8,56.0,41.0,50.8,7.9,81.4,1.9,4.5,25709,2020,1,4
733,-1.6657349602350457,1.3,6.6,-3.2,53.0,39.0,45.6,7.1,73.2,1.1,2.9,23206,2020,1,5
734,1.8,3.1,4.6,0.6,41.0,31.0,65.4,0.0,0.0,3.1,5.4,15381,2020,1,6
735,46.3,6.3,7.7,4.2,10.0,8.0,95.0,0.0,0.0,4.0,6.3,1920,2020,1,7
736,11.6,2.4,8.9,-0.4,26.0,21.0,86.1,0.0,0.0,3.3,6.3,21522,2020,1,8
737,-5.168635133710463,-1.2,2.0,-3.1,53.0,45.0,65.3,8.7,89.7,2.3,4.3,28711,2020,1,9
738,-2.410132227256007,-0.6,4.2,-4.3,70.0,59.0,62.9,7.5,76.5,1.5,3.7,29395,2020,1,10
739,-3.725709607102438,-0.1,3.9,-2.6,54.0,44.0,60.9,8.1,82.7,1.9,4.8,23246,2020,1,11
740,-4.811411744744333,-1.0,2.8,-3.5,50.0,39.0,61.5,8.6,87.8,2.4,4.1,19842,2020,1,12
741,-3.725709607102438,-2.9,0.2,-4.7,27.0,20.0,51.0,8.1,82.7,2.3,4.9,26786,2020,1,13
742,-4.5815365025397945,-2.3,2.6,-5.7,30.0,23.0,45.3,8.5,86.7,1.6,3.3,28435,2020,1,14
743,-5.951885422793577,-2.7,2.2,-6.4,37.0,27.0,44.8,9.2,92.9,1.9,4.5,28391,2020,1,15
744,-4.010356389714325,-1.7,3.2,-5.5,44.0,32.0,43.0,8.3,83.8,1.6,4.4,29026,2020,1,16
745,-2.512659322698955,-0.6,4.9,-4.8,58.0,40.0,43.9,7.6,76.8,1.5,3.8,29626,2020,1,17
746,-5.737928698934237,0.3,5.9,-4.1,64.0,44.0,48.1,9.1,91.9,1.8,4.2,24635,2020,1,18
747,0.6,1.9,5.3,-0.4,61.0,46.0,62.8,4.8,48.5,2.2,6.1,17682,2020,1,19
748,-4.73883513839009,0.7,5.5,-3.3,56.0,34.0,46.8,8.7,87.0,2.5,5.7,28611,2020,1,20
749,-5.808618757686784,-0.4,5.5,-5.6,42.0,27.0,36.9,9.2,92.0,1.4,3.5,30618,2020,1,21
750,5.959001054576853,3.0,7.8,-0.1,43.0,30.0,36.0,3.7,37.0,1.7,3.2,33011,2020,1,22
751,-4.952791862249427,4.6,9.9,0.0,62.0,44.0,49.3,8.8,88.0,2.0,4.7,34466,2020,1,23
752,-4.809525197142637,2.8,7.4,-1.3,72.0,52.0,63.0,8.8,87.1,1.7,3.7,19230,2020,1,24
753,6.236631851816988,4.3,8.8,0.6,50.0,38.0,63.1,3.6,35.6,1.5,3.9,15233,2020,1,25
754,-1.6320113759429518,5.5,11.9,-0.2,28.0,20.0,56.3,7.3,72.3,2.7,6.1,22685,2020,1,26
755,0.1,5.9,7.5,4.8,11.0,6.0,48.1,0.0,0.0,4.6,7.0,16836,2020,1,27
756,0.0,6.8,9.9,4.3,13.0,7.0,49.4,0.0,0.0,2.6,5.4,32098,2020,1,28
757,7.338252507804081,6.0,9.6,3.2,17.0,9.0,46.4,3.1,30.4,2.1,3.6,37990,2020,1,29
758,2.362476318631936,5.2,10.4,1.4,18.0,12.0,47.0,5.5,53.4,1.8,3.0,38079,2020,1,30
759,0.0,3.9,8.9,1.4,25.0,17.0,59.6,6.1,59.2,2.3,4.4,35857,2020,1,31
760,3.172369593364138,2.6,7.6,-1.2,68.0,53.0,66.6,5.3,51.5,1.7,4.7,27151,2020,2,1
761,4.226234694315634,1.5,5.3,-2.1,74.0,58.0,52.3,4.8,46.6,1.8,4.7,22384,2020,2,2
762,0.0,-0.4,3.0,-2.9,26.0,18.0,43.6,9.6,92.3,3.1,5.7,29681,2020,2,3
763,1.7,-1.6,3.9,-6.0,25.0,18.0,50.3,6.4,61.5,2.8,6.2,23006,2020,2,4
764,-5.7482521877456065,-8.3,-4.9,-11.0,23.0,13.0,37.3,9.7,92.4,3.3,5.5,20311,2020,2,5
765,-5.7482521877456065,-6.4,0.4,-11.8,37.0,22.0,36.4,9.7,92.4,1.9,4.0,22401,2020,2,6
766,0.0,-1.7,2.2,-7.2,35.0,25.0,45.1,6.1,58.1,2.0,3.5,26540,2020,2,7
767,0.0,-0.1,3.7,-2.3,42.0,33.0,48.1,9.6,90.6,3.0,5.3,22046,2020,2,8
768,0.0,-0.5,4.1,-5.6,37.0,26.0,51.1,9.6,90.6,2.0,4.4,21099,2020,2,9
769,0.0,4.0,9.6,-0.7,50.0,35.0,49.4,9.7,91.5,1.7,4.2,33956,2020,2,10
770,-1.191486913318693,6.8,14.6,-0.5,55.0,36.0,37.0,7.6,71.0,1.6,3.6,40563,2020,2,11
771,6.7,7.4,8.2,6.5,49.0,34.0,73.4,0.0,0.0,2.2,5.0,10698,2020,2,12
772,11.6351274376665,6.5,8.7,4.9,76.0,54.0,84.8,1.3,12.1,1.7,3.2,34375,2020,2,13
773,-3.3221516189386335,8.1,14.7,3.2,86.0,62.0,70.3,8.7,80.6,1.2,3.0,41229,2020,2,14
774,2.0,9.8,15.6,6.2,65.0,49.0,63.0,5.0,46.3,2.7,5.0,29837,2020,2,15
775,13.4,-1.4,7.7,-4.3,28.0,19.0,81.1,1.6,14.8,4.0,6.6,6798,2020,2,16
776,1.0,-5.9,-3.9,-7.1,41.0,20.0,64.3,3.2,29.4,3.4,5.6,13777,2020,2,17
777,-6.015093904410598,-4.1,1.3,-8.3,24.0,17.0,44.0,10.1,92.7,2.3,4.1,19773,2020,2,18
778,-0.49295865373163217,1.0,6.4,-4.4,33.0,24.0,56.8,7.4,67.3,1.5,3.2,32721,2020,2,19
779,-4.485559800704827,4.6,10.8,-0.6,60.0,45.0,62.6,9.4,85.5,1.7,3.3,36027,2020,2,20
780,4.2,6.7,10.9,2.1,79.0,62.0,66.3,1.1,10.0,2.2,5.3,29779,2020,2,21
781,3.1,4.0,7.9,0.0,36.05155642023346,21.53261927945472,62.0,5.9,53.2,4.0,8.2,18290,2020,2,22
782,-5.942517298056355,2.5,8.0,-2.5,36.05155642023346,21.53261927945472,48.6,10.2,91.9,2.0,4.2,25159,2020,2,23
783,-0.9915621602028608,7.0,12.2,0.8,35.0,20.0,51.8,7.7,69.4,1.6,3.4,36094,2020,2,24
784,16.6,6.7,9.4,4.7,23.0,14.0,73.5,0.6,5.4,4.2,6.8,15939,2020,2,25
785,0.0,6.4,10.4,2.8,18.0,11.0,59.6,4.8,42.9,2.1,4.0,35773,2020,2,26
786,-6.067978897216253,6.1,12.5,1.3,13.0,8.0,54.0,10.4,92.0,2.0,4.4,38526,2020,2,27
787,3.9,4.5,5.9,3.6,25.0,18.0,79.4,0.0,0.0,1.4,4.2,12644,2020,2,28
788,0.5,7.7,13.0,4.5,24.0,17.0,68.6,9.5,84.1,1.7,4.2,35697,2020,2,29
789,0.2,5.8,10.1,3.2,45.0,32.0,71.8,0.2,1.8,2.0,4.7,24431,2020,3,1
790,0.0,3.4,7.6,0.0,39.0,30.0,55.3,10.0,87.7,2.7,4.9,36641,2020,3,2
791,6.742652322152487,4.8,10.5,0.3,46.0,35.0,57.0,4.1,35.7,2.6,4.7,39447,2020,3,3
792,0.0,2.2,4.6,-1.3,47.0,37.0,53.4,6.6,57.4,3.7,6.8,31269,2020,3,4
793,-6.389656767559849,1.4,6.3,-2.8,37.0,30.0,47.5,10.9,94.8,2.5,4.1,35851,2020,3,5
794,-5.684112522601037,3.7,10.1,-2.5,39.0,27.0,46.8,10.6,91.4,1.6,3.6,40897,2020,3,6
795,3.3371498063499594,7.0,14.2,1.3,53.0,40.0,39.5,5.9,50.9,2.0,4.1,42379,2020,3,7
796,-5.754802581353584,9.3,16.9,2.3,52.0,40.0,43.8,10.7,91.5,1.6,4.6,54245,2020,3,8
797,1.1198765236322679,11.1,17.6,4.8,53.0,39.0,37.6,7.1,60.7,1.8,4.5,53020,2020,3,9
798,11.8,6.4,10.8,3.2,41.0,32.0,78.4,0.0,0.0,2.8,5.3,10606,2020,3,10
799,-6.569889907127095,3.8,8.3,0.0,32.0,15.0,41.8,11.2,94.9,3.3,5.5,45245,2020,3,11
800,-0.6854018297119406,6.8,13.3,0.2,33.0,14.0,49.8,8.1,68.6,2.5,5.4,50094,2020,3,12
801,0.5,4.9,8.7,-0.1,30.0,13.0,41.0,9.7,81.5,3.3,5.4,43554,2020,3,13
802,-4.177512922612216,3.6,8.6,-2.7,35.0,19.0,48.1,10.0,84.0,3.0,6.8,42569,2020,3,14
803,-1.3502065050069092,4.0,8.5,0.2,40.0,19.0,48.3,8.5,71.4,3.6,7.8,33215,2020,3,15
804,-6.513231819118051,3.6,9.1,-2.1,23.0,14.0,42.4,11.3,94.2,2.8,5.2,42441,2020,3,16
805,6.799310410161531,6.6,12.3,3.1,46.0,22.0,65.8,4.2,35.0,2.1,5.2,47241,2020,3,17
806,-6.00572577967338,10.0,17.0,2.7,64.0,38.0,45.8,11.1,91.7,1.8,4.4,62119,2020,3,18
807,0.0,9.1,12.1,5.8,56.0,26.0,49.0,7.7,63.6,4.8,8.2,24256,2020,3,19
808,-5.823606092504441,8.8,14.0,3.1,38.0,10.0,39.6,11.0,90.9,3.1,6.6,53839,2020,3,20
809,3.37087339064205,12.8,19.5,7.9,53.0,17.0,56.5,6.1,50.0,2.0,5.1,63759,2020,3,21
810,-6.820813105446888,11.0,16.5,6.1,41.0,17.0,37.5,11.6,95.1,3.0,5.6,64436,2020,3,22
811,-6.511345271516358,10.6,17.0,5.4,46.0,28.0,37.9,11.5,93.5,1.9,4.8,63686,2020,3,23
812,-6.511345271516358,11.4,17.9,5.3,55.0,35.0,35.0,11.5,93.5,1.8,4.0,69998,2020,3,24
813,-2.1793258015239267,12.5,19.2,6.1,47.0,31.0,33.6,9.2,74.2,1.9,5.3,73460,2020,3,25
814,1.8,14.8,20.6,8.1,51.0,32.0,53.8,4.3,34.7,1.9,5.3,47633,2020,3,26
815,2.0,11.9,15.8,6.7,41.0,21.0,56.4,7.4,59.7,3.3,5.8,60183,2020,3,27
816,-1.9016950042837912,7.7,12.8,4.5,29.0,8.0,17.9,9.1,72.8,3.2,5.5,64677,2020,3,28
817,-6.454687183507314,8.7,16.1,1.3,38.0,17.0,30.6,11.6,92.8,2.0,4.6,68430,2020,3,29
818,-6.636806870676256,10.2,16.9,4.3,51.0,28.0,38.4,11.7,93.6,1.8,4.1,69293,2020,3,30
819,-3.445261078733065,11.9,18.6,4.7,47.0,27.0,34.5,10.0,79.4,2.0,4.4,74621,2020,3,31
820,-0.513605631354368,11.3,17.4,6.0,64.0,30.0,35.6,8.6,68.3,3.7,7.3,70258,2020,4,1
821,-4.028651227971597,9.3,15.5,3.4,40.0,27.0,41.4,10.6,83.5,2.3,5.5,72129,2020,4,2
822,-4.210770915140536,10.0,16.3,5.3,55.0,32.0,53.8,10.7,84.3,2.7,5.7,74856,2020,4,3
823,-3.5689007435625193,8.9,13.3,5.0,67.0,29.0,36.4,10.4,81.3,3.4,6.3,66405,2020,4,4
824,-6.601261352053722,7.2,13.7,1.9,43.0,23.0,29.5,12.1,94.5,2.8,5.4,64111,2020,4,5
825,-5.358260578561531,9.3,16.1,2.9,54.0,24.0,38.3,11.4,89.1,2.4,5.9,68414,2020,4,6
826,-0.9714695681617478,10.6,16.8,6.0,55.0,26.0,56.6,9.0,69.8,2.5,5.1,73685,2020,4,7
827,-6.838152579630009,9.4,14.2,5.2,40.0,20.0,25.5,12.3,95.3,3.5,5.9,72863,2020,4,8
828,-5.959391180475706,8.9,14.7,4.3,44.0,25.0,44.6,11.8,91.5,2.8,5.7,73382,2020,4,9
829,-1.2401978324284393,10.7,16.8,5.8,40.0,25.0,52.6,9.2,70.8,2.4,4.1,75021,2020,4,10
830,-0.5276376020978741,9.9,16.0,6.2,38.0,23.0,63.8,8.8,67.7,2.5,4.9,75637,2020,4,11
831,0.430716388782427,9.9,15.6,4.4,31.0,21.0,58.6,8.3,63.4,3.8,7.4,63335,2020,4,12
832,-6.433173635628286,12.4,20.4,4.3,20.0,12.0,39.4,12.2,93.1,3.1,5.5,77604,2020,4,13
833,-6.266972466804546,13.0,19.6,7.6,49.0,29.0,46.8,12.1,92.4,2.4,5.3,83798,2020,4,14
834,-2.4742960729471797,13.2,20.2,7.2,60.0,38.0,39.8,10.0,75.8,2.2,5.6,89789,2020,4,15
835,-3.51925864092523,16.0,23.8,8.9,50.0,30.0,39.9,10.6,80.3,2.3,4.5,83970,2020,4,16
836,6.5,12.5,15.4,10.4,40.0,21.0,77.8,0.3,2.3,2.4,4.8,35656,2020,4,17
837,-3.0754266748613546,13.5,19.6,8.5,26.0,13.0,67.9,10.4,78.2,2.6,4.8,92829,2020,4,18
838,10.3,12.3,15.5,9.5,25.0,16.0,75.8,0.3,2.3,2.7,5.2,29375,2020,4,19
839,0.1,10.0,13.1,7.6,14.0,9.0,73.0,1.3,9.7,3.3,6.8,56129,2020,4,20
840,-2.4653935399737357,7.4,10.4,4.8,32.0,11.0,49.0,10.1,75.4,4.4,8.9,58746,2020,4,21
841,0.0,6.0,8.3,4.1,77.0,11.0,46.8,5.3,39.6,4.0,6.4,51337,2020,4,22
842,-5.306731928322549,7.9,12.8,2.9,41.0,13.0,47.8,11.8,87.4,3.7,7.9,64765,2020,4,23
843,-5.655052784315231,9.9,14.3,4.1,37.0,13.0,55.6,12.0,88.9,3.9,8.2,72883,2020,4,24
844,0.46443997307451923,13.1,17.1,9.9,55.0,22.0,54.4,8.5,62.5,3.9,7.8,78419,2020,4,25
845,-6.406466036707947,12.3,19.0,6.8,28.0,14.0,43.1,12.5,91.9,3.2,6.5,82600,2020,4,26
846,-1.5936481261911801,12.9,18.3,8.7,31.0,17.0,49.8,9.7,71.3,2.8,5.5,77149,2020,4,27
847,-6.477156095460494,13.9,19.9,7.8,34.0,19.0,50.0,12.6,92.0,3.0,5.5,86541,2020,4,28
848,-5.796432901820328,14.9,21.0,9.3,44.0,25.0,48.6,12.2,89.1,2.6,5.2,88827,2020,4,29
849,1.0426360712717404,17.1,23.4,9.3,35.0,18.0,57.1,8.2,59.9,2.7,5.9,96877,2020,4,30
850,5.089944145381036,20.2,26.2,16.4,52.0,31.0,73.6,6.1,44.2,2.7,5.5,93249,2020,5,1
851,0.0,20.3,23.9,18.0,48.0,28.0,79.6,0.2,1.4,2.3,4.6,88508,2020,5,2
852,0.0,21.8,27.4,17.0,28.0,17.0,68.8,5.9,42.8,2.0,3.9,89287,2020,5,3
853,-1.6376951992946385,20.2,25.3,14.8,32.0,17.0,63.9,10.1,72.7,2.7,4.6,93579,2020,5,4
854,9.886843537552604,16.0,19.3,13.1,33.0,17.0,67.9,3.3,23.7,1.9,5.3,88219,2020,5,5
855,-6.204719349261666,19.4,27.6,11.1,30.0,15.0,50.0,12.8,92.1,2.1,4.4,88561,2020,5,6
856,0.8164693109993415,20.7,26.5,14.9,24.0,12.0,32.5,8.7,62.1,2.5,4.3,90645,2020,5,7
857,2.3,19.9,27.3,14.3,25.0,12.0,32.8,7.5,53.6,2.4,4.5,63474,2020,5,8
858,24.4,14.2,16.8,12.7,14.0,7.0,94.4,0.0,0.0,3.6,5.9,7600,2020,5,9
859,1.3,14.4,16.6,12.8,27.0,18.0,88.6,0.4,2.8,2.5,4.1,65932,2020,5,10
860,3.4,16.5,22.0,12.4,97.0,24.0,61.0,7.2,51.1,3.0,5.6,76042,2020,5,11
861,0.7,14.3,18.9,10.5,39.0,12.0,69.4,5.0,35.5,2.9,5.4,78200,2020,5,12
862,-6.330180948421567,16.1,21.8,10.2,33.0,13.0,47.3,13.0,92.2,2.8,6.5,89183,2020,5,13
863,4.449960521404714,19.3,25.4,12.4,37.0,14.0,35.4,6.6,46.5,2.0,4.3,89149,2020,5,14
864,12.0,16.1,20.2,14.1,38.0,12.0,81.4,0.0,0.0,3.0,5.3,13782,2020,5,15
865,2.5,16.7,20.3,15.0,25.0,13.0,90.3,0.6,4.2,1.6,3.3,64549,2020,5,16
866,0.0,19.1,24.9,14.6,40.0,26.0,80.1,3.9,27.3,1.7,4.3,89449,2020,5,17
867,29.8,19.1,26.8,13.2,41.0,25.0,79.4,3.2,22.4,2.4,7.2,36761,2020,5,18
868,19.0,13.0,17.1,10.1,18.0,8.0,73.6,3.0,21.0,3.2,7.2,55556,2020,5,19
869,0.0,14.4,20.1,9.2,8.0,4.0,60.4,4.5,31.5,1.9,3.0,88257,2020,5,20
870,-0.07632405889847149,17.4,22.9,10.9,20.0,11.0,56.1,9.4,65.3,2.1,3.3,93930,2020,5,21
871,0.0,18.5,22.7,14.8,42.0,28.0,68.5,0.7,4.9,1.9,4.9,89317,2020,5,22
872,0.0,20.1,25.0,16.6,44.0,30.0,66.1,6.8,47.2,2.2,4.7,101256,2020,5,23
873,14.5,17.1,20.2,14.3,25.0,17.0,84.8,1.1,7.6,2.9,6.5,80357,2020,5,24
874,11.359719553249331,16.6,21.3,13.7,34.0,23.0,81.0,2.5,17.2,2.1,3.8,92531,2020,5,25
875,1.5,16.2,22.9,12.7,39.0,24.0,81.9,4.8,33.1,2.1,5.4,68498,2020,5,26
876,-6.24870180909388,17.4,23.9,11.8,22.0,14.0,68.5,13.2,91.0,2.6,5.9,101949,2020,5,27
877,0.0,18.7,23.4,14.2,30.0,20.0,62.8,8.4,57.9,1.9,3.9,99792,2020,5,28
878,-5.433614483320369,20.7,27.6,14.6,33.0,21.0,65.6,12.7,87.6,2.0,4.1,103999,2020,5,29
879,-3.0431240464071827,22.6,30.0,16.5,37.0,25.0,57.3,11.3,77.4,1.9,4.3,105172,2020,5,30
880,1.0,21.2,28.0,17.6,40.0,29.0,63.0,5.0,34.2,2.3,5.7,93547,2020,5,31
881,0.4,19.7,24.5,16.6,18.0,10.0,64.3,11.5,78.8,3.4,6.2,99930,2020,6,1
882,2.0,17.9,21.8,14.8,23.0,13.0,71.0,0.2,1.4,2.2,4.1,79833,2020,6,2
883,0.29863978274330094,22.0,28.4,17.6,46.0,24.0,73.3,9.5,65.1,2.4,5.6,103887,2020,6,3
884,0.2,21.9,26.5,19.7,52.0,25.0,81.1,4.7,32.2,2.7,4.7,97656,2020,6,4
885,1.5098035195450912,23.0,28.7,18.4,43.0,23.0,69.4,8.8,59.9,1.8,3.8,107343,2020,6,5
886,1.8422058571925763,24.6,30.9,19.2,49.0,30.0,63.6,8.6,58.5,2.0,4.4,105033,2020,6,6
887,0.8609173625953215,22.7,29.2,19.2,48.0,28.0,69.4,9.2,62.6,2.3,5.1,101848,2020,6,7
888,-2.565633109322466,25.0,32.0,19.8,42.0,25.0,63.6,11.3,76.9,2.1,5.5,103582,2020,6,8
889,-5.17709625546674,26.7,32.8,20.3,52.0,25.0,51.6,12.9,87.8,2.3,4.3,102084,2020,6,9
890,6.2,25.8,32.1,22.5,48.0,26.0,63.8,5.2,35.4,2.0,6.2,58133,2020,6,10
891,0.0,26.1,31.6,21.7,31.0,19.0,68.3,8.0,54.4,2.2,4.6,100031,2020,6,11
892,15.049804238392495,24.7,27.6,21.6,47.0,22.0,68.6,0.5,3.4,1.7,3.0,109210,2020,6,12
893,0.0,26.9,33.5,20.6,57.0,28.0,52.8,9.7,66.0,1.9,5.0,90396,2020,6,13
894,1.1,24.0,28.8,20.1,38.0,22.0,70.6,8.1,54.7,2.9,5.9,94406,2020,6,14
895,-0.5234635284019635,23.0,28.6,18.2,26.0,15.0,62.3,10.1,68.2,2.8,6.3,108320,2020,6,15
896,3.6863372325989374,24.4,30.7,20.0,53.0,37.0,63.0,7.5,50.7,2.2,4.4,106519,2020,6,16
897,6.281881860398012,24.3,30.3,20.2,51.0,33.0,58.6,5.9,39.9,2.0,4.3,107723,2020,6,17
898,15.698690395342263,23.4,27.3,20.3,35.0,21.0,61.4,0.1,0.7,1.6,3.4,110377,2020,6,18
899,0.1,24.7,30.0,21.1,24.0,15.0,61.4,6.0,40.5,2.1,4.2,109124,2020,6,19
900,-3.1349266745462394,24.9,29.7,20.7,38.0,24.0,62.6,11.7,79.1,2.1,4.6,102333,2020,6,20
901,-6.046955121647603,26.1,32.7,19.5,33.0,22.0,59.5,13.5,91.2,2.0,4.5,95453,2020,6,21
902,-5.730471302345318,28.6,35.4,21.7,40.0,24.0,50.5,13.3,89.9,2.0,4.1,98394,2020,6,22
903,0.0,27.3,31.0,23.2,40.0,24.0,53.5,5.1,34.5,1.9,3.7,103214,2020,6,23
904,37.6,22.3,26.3,19.9,34.0,21.0,83.5,0.0,0.0,2.7,5.7,19756,2020,6,24
905,13.3,21.6,23.4,20.1,13.0,8.0,91.0,0.1,0.7,2.2,4.3,46415,2020,6,25
906,2.1,21.8,25.7,19.2,23.0,14.0,82.1,3.1,20.9,3.2,5.3,96150,2020,6,26
907,0.0,24.1,29.6,20.4,25.0,17.0,70.4,7.4,50.0,2.0,5.4,107001,2020,6,27
908,-4.266497819622035,25.2,30.1,21.5,30.0,19.0,70.5,12.4,83.8,2.4,4.7,98568,2020,6,28
909,11.9,23.8,26.5,20.6,35.0,24.0,77.0,1.7,11.6,2.4,5.9,70053,2020,6,29
910,64.7,20.1,23.1,18.4,9.0,5.0,83.0,0.0,0.0,4.0,7.6,38086,2020,6,30
911,0.0,21.1,24.3,18.1,19.0,11.0,79.3,0.2,1.4,1.9,3.7,105196,2020,7,1
912,7.463030494839848,24.2,29.8,20.4,51.0,34.0,74.5,5.4,36.7,1.9,3.4,107842,2020,7,2
913,0.1,25.5,30.6,21.6,52.0,32.0,63.5,9.6,65.3,2.6,6.1,102753,2020,7,3
914,1.6,24.2,29.5,20.4,24.0,15.0,63.9,9.5,64.6,2.1,4.4,98488,2020,7,4
915,5.832855843292826,23.8,27.6,19.9,29.0,22.0,68.6,6.4,43.5,1.9,3.5,104664,2020,7,5
916,8.111916651789617,25.6,30.9,21.8,24.0,18.0,66.6,5.0,34.0,2.1,4.7,106825,2020,7,6
917,0.0,24.1,28.1,22.1,17.0,11.0,75.5,4.0,27.4,2.5,4.0,91407,2020,7,7
918,-0.11854919767148964,25.5,30.4,21.3,32.0,20.0,71.9,10.0,68.5,2.0,3.7,105876,2020,7,8
919,3.65632213023898,27.5,32.9,21.8,42.0,29.0,64.6,7.7,52.7,1.7,3.6,102828,2020,7,9
920,2.2,24.5,27.7,22.7,16.0,11.0,75.0,3.1,21.2,2.8,6.6,90880,2020,7,10
921,5.452697950609744,25.8,30.2,22.2,8.0,4.0,62.6,6.6,45.2,2.6,5.0,103657,2020,7,11
922,2.9,23.5,26.0,21.7,13.0,9.0,71.9,0.0,0.0,2.4,3.6,57367,2020,7,12
923,47.6,18.7,21.7,17.7,9.0,6.0,94.8,0.0,0.0,4.0,5.9,4859,2020,7,13
924,11.5,20.3,24.3,17.2,7.0,3.0,79.4,0.1,0.7,2.8,4.4,85486,2020,7,14
925,0.9652663923687115,23.4,28.7,18.9,13.0,6.0,63.1,9.3,64.1,2.0,3.4,106949,2020,7,15
926,-0.5146256086997685,25.0,29.7,20.4,29.0,18.0,70.9,10.2,70.3,1.8,3.5,102741,2020,7,16
927,0.0,26.0,31.6,21.5,38.0,25.0,72.0,7.5,51.7,1.9,5.6,99949,2020,7,17
928,9.179813723484617,26.1,31.0,22.8,43.0,30.0,71.6,4.3,29.7,1.6,4.0,98309,2020,7,18
929,29.1,24.0,26.6,20.6,21.0,15.0,81.6,0.0,0.0,2.7,4.3,60804,2020,7,19
930,3.6,23.8,26.6,22.4,18.0,11.0,86.3,0.0,0.0,3.7,7.0,72291,2020,7,20
931,0.0,25.0,30.5,21.4,29.0,21.0,77.0,4.0,27.8,1.6,4.2,100825,2020,7,21
932,11.5,23.7,25.7,22.6,24.0,16.0,89.3,0.0,0.0,1.6,3.4,46448,2020,7,22
933,103.1,21.1,22.6,18.5,20.0,12.0,95.5,0.0,0.0,3.6,8.3,10739,2020,7,23
934,2.9,22.5,26.8,18.7,6.0,3.0,74.3,1.0,7.0,4.6,8.7,76995,2020,7,24
935,0.0,24.3,29.0,22.3,5.0,2.0,69.3,1.9,13.3,3.1,6.1,102498,2020,7,25
936,0.0,25.4,29.6,21.6,8.0,5.0,69.3,5.6,39.2,2.0,3.3,94802,2020,7,26
937,2.2,24.3,25.5,22.9,12.0,8.0,86.4,0.0,0.0,2.2,3.2,52922,2020,7,27
938,0.4,24.4,26.4,22.7,13.0,7.0,84.8,0.0,0.0,2.0,3.1,68214,2020,7,28
939,50.1,23.7,24.9,22.6,12.0,6.0,95.8,0.0,0.0,2.0,3.4,31724,2020,7,29
940,0.1,25.3,28.4,23.4,21.0,14.0,85.5,3.0,21.3,2.1,3.8,92468,2020,7,30
941,1.5,26.2,29.6,22.8,24.0,17.0,81.9,5.0,35.5,2.0,4.6,95705,2020,7,31
942,39.1,25.3,26.9,24.3,15.0,9.0,90.9,0.0,0.0,1.7,4.9,34998,2020,8,1
943,31.4,24.9,26.4,23.5,13.0,6.0,96.3,0.0,0.0,2.3,7.5,11491,2020,8,2
944,102.6,25.0,26.3,23.9,16.0,11.0,96.3,0.0,0.0,3.0,8.3,17575,2020,8,3
945,3.9,27.0,29.4,25.0,40.0,26.0,89.3,0.4,2.9,3.5,5.7,49378,2020,8,4
946,18.5,26.5,29.1,25.5,37.0,23.0,92.1,0.1,0.7,1.9,4.6,28751,2020,8,5
947,75.7,24.1,26.0,22.9,16.0,9.0,92.8,0.2,1.4,3.3,6.5,51456,2020,8,6
948,0.0,24.3,26.1,22.6,29.0,19.0,85.3,0.0,0.0,1.8,3.3,78071,2020,8,7
949,19.1,24.2,26.1,22.7,15.0,9.0,89.5,1.8,12.9,2.3,3.7,40020,2020,8,8
950,50.3,24.9,25.8,23.7,9.0,5.0,95.4,0.0,0.0,2.6,6.8,12384,2020,8,9
951,44.6,26.5,29.5,24.7,13.0,7.0,91.6,0.2,1.4,2.0,4.3,23519,2020,8,10
952,97.0,24.6,27.3,22.4,10.0,7.0,92.5,0.5,3.6,2.2,4.7,50974,2020,8,11
953,13.074952599513676,27.2,31.3,23.5,22.0,14.0,83.9,2.1,15.3,1.9,4.3,78261,2020,8,12
954,16.312367398890768,28.0,30.3,26.3,26.0,13.0,82.4,0.2,1.5,2.5,4.9,79353,2020,8,13
955,0.4,27.1,28.0,26.5,32.0,19.0,86.1,0.0,0.0,3.5,5.7,72875,2020,8,14
956,69.0,26.1,27.0,25.0,41.0,28.0,96.0,0.0,0.0,1.9,5.6,26267,2020,8,15
957,12.544512056352051,27.4,30.8,25.3,22.0,15.0,82.6,2.4,17.6,3.0,5.2,66011,2020,8,16
958,6.638976022821639,28.2,32.2,26.1,26.0,18.0,77.9,5.8,43.0,2.3,4.1,73368,2020,8,17
959,3.0214033307614674,27.5,31.9,24.0,34.0,24.0,76.3,7.9,58.5,1.6,3.6,82202,2020,8,18
960,0.43287468833414344,27.1,31.4,23.6,43.0,31.0,76.8,9.4,69.6,2.0,4.4,84665,2020,8,19
961,11.285592764514664,27.7,31.7,25.0,39.0,28.0,76.0,3.1,23.1,1.7,4.2,85420,2020,8,20
962,2.5,26.6,29.2,25.2,29.0,22.0,83.1,0.8,6.0,1.6,3.5,78701,2020,8,21
963,42.6,24.3,27.6,21.7,17.0,11.0,87.4,0.6,4.5,2.1,5.5,40126,2020,8,22
964,4.801860632787031,25.3,29.9,21.5,13.0,8.0,78.4,6.8,51.1,1.9,3.9,80594,2020,8,23
965,1.302733554515001,27.8,32.0,23.7,25.0,17.0,71.6,8.8,66.2,2.2,4.9,90297,2020,8,24
966,3.3289846170903044,29.9,34.5,26.0,32.0,25.0,69.5,7.6,57.6,2.1,4.6,87894,2020,8,25
967,0.6,30.2,34.5,27.0,28.0,18.0,68.3,7.5,56.8,3.4,6.5,40169,2020,8,26
968,8.7,27.1,28.6,25.6,21.0,12.0,84.6,0.5,3.8,3.6,7.0,32745,2020,8,27
969,13.6,27.3,29.7,26.0,23.0,16.0,89.1,2.0,15.3,1.6,4.4,62045,2020,8,28
970,13.6,26.8,29.0,25.5,17.0,11.0,90.1,1.7,13.0,1.3,4.0,33797,2020,8,29
971,42.5,26.8,30.6,24.4,14.0,11.0,88.8,2.4,18.3,2.1,4.8,52904,2020,8,30
972,0.0,26.4,30.0,23.8,13.0,4.0,77.9,1.9,14.6,2.8,4.3,87662,2020,8,31
973,0.0,26.6,29.5,23.8,20.0,8.0,72.4,1.0,7.7,1.9,3.6,87892,2020,9,1
974,33.3,24.3,26.4,22.6,16.0,9.0,91.3,0.0,0.0,2.3,4.0,13744,2020,9,2
975,29.8,22.7,25.6,20.0,15.0,6.0,82.0,2.8,21.7,4.8,9.8,71524,2020,9,3
976,-0.9375388451908879,23.3,27.5,19.9,24.0,11.0,63.9,10.1,78.3,2.7,5.6,115059,2020,9,4
977,11.144148033738317,23.3,27.3,19.2,30.0,20.0,66.6,3.3,25.8,2.0,3.5,113253,2020,9,5
978,6.4,21.7,24.4,19.5,26.0,16.0,80.0,0.0,0.0,2.7,4.8,54125,2020,9,6
979,61.0,19.2,20.6,17.5,8.0,4.0,93.5,0.0,0.0,4.2,7.9,3144,2020,9,7
980,0.0,23.4,26.5,20.6,24.0,12.0,71.5,9.5,74.8,4.2,7.0,104606,2020,9,8
981,1.3,21.1,25.3,19.0,30.0,20.0,83.4,3.1,24.4,2.1,7.6,75412,2020,9,9
982,3.9,22.8,27.0,18.8,26.0,17.0,75.8,9.0,71.4,2.0,4.2,107150,2020,9,10
983,1.2,22.4,27.1,19.2,28.0,18.0,72.6,4.5,35.7,2.8,4.9,61474,2020,9,11
984,5.7,20.2,23.2,18.1,12.0,7.0,83.8,0.0,0.0,2.0,3.9,44703,2020,9,12
985,-0.7891427423140431,21.5,26.6,16.7,9.0,4.0,70.4,9.8,78.4,1.9,3.5,118921,2020,9,13
986,0.0,21.3,24.9,17.6,21.0,14.0,79.3,5.7,45.6,1.8,4.3,106465,2020,9,14
987,7.722726999590588,23.0,27.7,18.9,35.0,23.0,76.4,5.1,41.1,1.6,3.3,111912,2020,9,15
988,0.3,22.5,24.9,21.3,26.0,17.0,79.9,0.3,2.4,1.9,3.4,88745,2020,9,16
989,15.783748790059589,21.3,23.6,20.1,22.0,10.0,70.3,0.7,5.6,2.1,3.7,110088,2020,9,17
990,-0.9960834808016283,21.5,25.8,18.1,22.0,8.0,62.0,9.8,79.7,2.8,6.0,118363,2020,9,18
991,0.3,21.2,26.2,17.6,21.0,9.0,59.3,9.7,78.9,2.2,5.3,117633,2020,9,19
992,-4.053265140611472,19.7,24.9,15.6,18.0,10.0,57.6,11.4,93.4,2.0,4.9,110798,2020,9,20
993,-0.7273552165349404,19.1,25.3,13.6,23.0,14.0,56.1,9.6,78.7,1.7,2.9,108369,2020,9,21
994,-2.7625088120836843,20.2,25.6,15.5,19.0,10.0,55.3,10.7,87.7,2.8,4.6,112619,2020,9,22
995,3.6435172755196437,19.2,23.8,15.2,14.0,4.0,59.9,7.2,59.5,3.3,5.3,111343,2020,9,23
996,2.1547227414777215,20.6,25.4,16.8,14.0,4.0,59.6,8.0,66.1,3.7,5.7,111994,2020,9,24
997,10.54113088422245,20.1,25.4,16.6,16.0,6.0,64.1,3.5,28.9,2.5,4.9,114720,2020,9,25
998,2.0592116314065247,19.3,24.8,14.8,17.0,6.0,62.5,8.0,66.7,2.4,6.2,115111,2020,9,26
999,-1.3144538477056056,20.4,25.8,14.9,15.0,7.0,63.3,9.8,81.7,2.0,3.9,109610,2020,9,27
1000,-2.7325583229949792,20.7,26.5,15.7,25.0,14.0,66.0,10.5,88.2,2.0,3.6,107714,2020,9,28
1001,5.187083349968919,19.6,23.9,15.3,28.0,17.0,67.6,6.3,52.9,1.9,4.3,113823,2020,9,29
1002,38.3,19.6,25.7,16.2,30.0,19.0,78.0,4.9,41.5,1.7,4.1,71676,2020,9,30
1003,12.712470546234986,18.8,23.6,15.6,15.0,10.0,74.9,2.5,21.2,2.1,4.7,82099,2020,10,1
1004,0.0,19.2,21.9,16.3,23.0,15.0,79.6,1.9,16.1,2.3,5.2,75275,2020,10,2
1005,0.0,19.9,23.2,18.3,32.0,20.0,72.5,1.8,15.4,1.6,3.6,97726,2020,10,3
1006,0.0,16.6,21.8,10.6,23.0,13.0,65.1,4.3,36.8,2.8,7.2,86091,2020,10,4
1007,-2.700785899575834,13.3,18.4,8.5,21.0,9.0,57.3,10.5,90.5,2.5,5.1,93156,2020,10,5
1008,-3.278981997773055,14.2,19.7,9.3,20.0,10.0,55.9,10.8,93.1,2.0,4.1,100369,2020,10,6
1009,0.37231427857920885,16.0,22.0,9.9,25.0,12.0,48.9,8.9,76.7,1.9,3.4,103348,2020,10,7
1010,-3.4063301445346497,17.2,23.1,12.1,18.0,9.0,53.0,10.8,93.9,3.1,5.4,105509,2020,10,8
1011,-3.026172251851566,17.2,23.3,12.4,18.0,9.0,53.4,10.6,92.2,3.0,5.2,104087,2020,10,9
1012,2.676196138394644,16.9,21.5,12.3,21.0,10.0,60.1,7.6,66.7,2.0,3.8,104678,2020,10,10
1013,7.9277165772052305,16.9,20.8,12.7,22.0,13.0,68.5,4.9,43.0,1.8,4.1,95405,2020,10,11
1014,2.8742343439087854,16.2,21.3,12.1,40.0,21.0,68.6,7.5,65.8,2.2,4.6,97721,2020,10,12
1015,3.5708760558941517,13.6,18.4,8.6,28.0,12.0,52.3,7.1,62.8,2.2,4.7,97160,2020,10,13
1016,6.113535690887573,12.8,18.0,8.5,39.0,15.0,47.0,5.8,51.3,2.4,5.8,92998,2020,10,14
1017,3.3728378503800105,11.7,18.5,6.5,35.0,12.0,41.8,7.2,63.7,1.5,3.7,92555,2020,10,15
1018,17.4564849456009,11.8,15.4,8.6,41.0,22.0,64.3,0.0,0.0,1.5,2.5,92609,2020,10,16
1019,-2.4339441829108424,13.1,18.6,8.7,35.0,20.0,64.3,10.1,90.2,1.8,4.3,94840,2020,10,17
1020,-1.7691395076158773,13.6,20.2,7.2,29.0,16.0,65.5,9.7,87.4,2.0,3.9,89401,2020,10,18
1021,-1.967177713130015,15.1,21.3,9.8,60.0,32.0,74.4,9.8,88.3,1.7,3.4,95110,2020,10,19
1022,-2.363254124158292,15.2,21.7,9.9,67.0,39.0,67.1,10.0,90.1,1.6,3.1,98577,2020,10,20
1023,17.258446740086757,14.1,17.3,11.8,44.0,25.0,69.4,0.1,0.9,1.9,3.8,96566,2020,10,21
1024,0.0,13.5,18.2,8.4,82.0,36.0,66.0,5.4,49.1,2.8,5.7,92100,2020,10,22
1025,-2.419912212167336,8.6,13.3,5.4,29.0,11.0,51.5,9.9,90.8,3.0,5.5,84672,2020,10,23
1026,-2.419912212167336,8.7,14.0,3.2,28.0,12.0,47.6,9.9,90.8,2.5,5.9,77452,2020,10,24
1027,-0.2096549148214013,11.8,18.2,5.4,28.0,15.0,62.5,8.8,80.7,1.7,3.8,80497,2020,10,25
1028,-1.1450744019847523,12.9,19.0,8.0,53.0,28.0,71.6,9.2,85.2,1.6,4.4,92374,2020,10,26
1029,0.6691064843329055,14.0,19.4,9.0,79.0,46.0,74.1,8.3,76.9,1.8,3.4,95411,2020,10,27
1030,-1.1450744019847523,13.8,18.2,8.6,46.0,22.0,52.1,9.2,85.2,2.5,4.8,95033,2020,10,28
1031,-0.8604276193728619,10.8,16.1,5.5,39.0,15.0,40.3,9.0,84.1,2.0,4.5,92267,2020,10,29
1032,-2.294450613007438,11.9,19.6,5.8,47.0,21.0,42.9,9.7,90.7,1.5,3.2,97088,2020,10,30
1033,5.651898658876801,13.6,18.2,8.5,29.0,15.0,60.3,5.8,54.2,2.6,5.0,89444,2020,10,31
1034,13.6,13.7,15.0,11.6,41.0,23.0,84.3,0.0,0.0,2.3,4.5,32925,2020,11,1
1035,1.7,10.8,15.6,7.9,50.0,17.0,58.3,9.6,90.6,2.3,4.9,86705,2020,11,2
1036,0.5,5.1,8.6,2.7,24.0,9.0,47.5,9.2,86.8,3.5,8.4,69439,2020,11,3
1037,-1.9532103556577614,4.9,10.8,0.2,34.0,13.0,43.9,9.6,91.4,2.3,4.2,74159,2020,11,4
1038,0.518759220583112,9.6,15.9,3.4,41.0,17.0,61.5,8.4,80.0,1.8,3.0,85090,2020,11,5
1039,17.228431637726803,13.5,17.2,9.9,47.0,25.0,63.3,0.3,2.9,1.7,3.3,91815,2020,11,6
1040,0.1,14.6,18.1,12.2,89.0,38.0,68.8,7.0,67.3,2.7,4.9,84151,2020,11,7
1041,-1.882520296905211,8.5,12.4,3.1,67.0,16.0,43.8,9.5,91.3,3.1,6.2,62244,2020,11,8
1042,5.287594671267669,5.5,8.9,0.7,28.0,9.0,40.9,6.0,58.3,1.8,4.0,73482,2020,11,9
1043,-2.239743685871339,7.7,12.9,3.5,28.0,11.0,56.1,9.6,93.2,2.2,5.0,81965,2020,11,10
1044,-2.239743685871339,9.3,16.5,3.5,43.0,22.0,53.5,9.6,93.2,1.6,2.6,86595,2020,11,11
1045,-1.8277487564978632,10.4,17.7,4.6,66.0,40.0,56.9,9.4,91.3,1.7,3.4,88193,2020,11,12
1046,6.26186718049317,12.2,17.6,8.5,73.0,44.0,71.5,5.5,53.9,1.6,3.0,90754,2020,11,13
1047,0.9925416757356924,12.5,19.3,6.8,67.0,42.0,66.9,8.0,78.4,1.7,4.0,81553,2020,11,14
1048,3.5122668070121623,11.1,14.9,8.2,72.0,48.0,75.0,6.8,66.7,1.7,3.7,69098,2020,11,15
1049,0.009366633536744828,12.4,18.3,7.5,70.0,44.0,70.1,8.4,83.2,1.6,4.1,87583,2020,11,16
1050,0.1,15.9,20.0,11.7,62.0,40.0,67.5,1.3,12.9,2.3,4.5,81258,2020,11,17
1051,12.2,16.6,18.7,14.8,45.0,29.0,91.4,0.0,0.0,2.6,3.6,44452,2020,11,18
1052,86.9,13.6,19.1,6.9,19.0,11.0,90.5,0.0,0.0,4.2,7.3,34590,2020,11,19
1053,0.0,2.8,7.0,0.3,23.0,14.0,74.3,0.0,0.0,3.2,5.6,60332,2020,11,20
1054,0.2,6.5,12.8,-0.3,28.0,20.0,67.9,6.6,66.0,2.1,4.8,60290,2020,11,21
1055,4.8,5.6,9.1,1.5,28.0,20.0,80.5,0.4,4.0,2.5,5.7,34828,2020,11,22
1056,-1.8296353040995559,1.7,5.9,-1.5,27.0,17.0,61.4,9.2,92.0,2.3,4.9,58766,2020,11,23
1057,15.057027362443016,2.9,6.4,0.2,28.0,17.0,54.5,1.3,13.1,1.8,3.8,61865,2020,11,24
1058,7.932781401704037,4.6,9.5,0.0,38.0,24.0,64.1,4.6,46.5,1.5,3.0,64921,2020,11,25
1059,3.62180988782686,5.6,10.9,1.9,58.0,38.0,66.5,6.6,66.7,1.7,3.6,64297,2020,11,26
1060,0.0,4.1,7.7,0.6,45.0,30.0,61.6,5.0,50.5,2.7,5.3,58092,2020,11,27
1061,-1.6882551865944588,-0.1,2.8,-2.3,24.0,14.0,50.0,9.0,91.8,2.8,5.3,38492,2020,11,28
1062,14.59727687803394,-0.6,2.6,-3.6,26.0,16.0,59.6,1.5,15.3,2.2,4.5,32211,2020,11,29
1063,-1.9181304287989978,-0.2,4.3,-3.6,28.0,18.0,57.8,9.1,92.9,1.9,4.6,49925,2020,11,30
1064,2.39466301940862,1.1,6.7,-3.6,32.0,21.0,44.5,7.3,74.5,1.9,4.0,53885,2020,12,1
1065,10.866323396684427,2.4,6.1,0.5,34.0,20.0,41.4,3.4,34.7,1.8,3.9,55611,2020,12,2
1066,-1.663498748547065,0.7,4.2,-2.3,26.0,17.0,47.1,9.1,93.8,2.7,4.9,51533,2020,12,3
1067,-1.4495420246877249,-0.6,4.4,-4.6,30.0,19.0,53.8,9.0,92.8,1.8,4.3,50915,2020,12,4
1068,7.085792425968876,2.1,6.6,-2.2,36.0,23.0,63.1,5.1,52.6,1.7,3.9,42953,2020,12,5
1069,5.112426356199229,4.5,9.1,1.2,45.0,33.0,66.9,6.0,61.9,1.8,4.3,40616,2020,12,6
1070,2.053358148787689,3.4,6.3,-0.7,56.0,41.0,57.5,7.4,76.3,2.6,5.6,49809,2020,12,7
1071,-0.7917533347645129,-0.5,4.1,-3.5,23.0,14.0,50.0,8.7,89.7,2.0,3.9,47614,2020,12,8
1072,5.342301598403768,1.5,6.2,-4.1,39.0,25.0,55.1,5.9,60.8,1.5,3.0,50476,2020,12,9
1073,0.0,5.8,9.3,3.2,63.0,44.0,69.9,1.1,11.5,1.7,3.5,53421,2020,12,10
1074,12.95813508024222,5.3,9.4,2.6,109.0,75.0,77.1,2.4,25.0,1.8,4.5,53536,2020,12,11
1075,-0.7210632760119626,2.3,6.1,-0.3,56.0,35.0,51.3,8.6,89.6,2.1,4.8,42146,2020,12,12
1076,2.9,-1.1,2.0,-6.0,36.0,25.0,74.9,1.1,11.5,2.9,6.1,14362,2020,12,13
1077,-1.3788519659351781,-7.7,-5.0,-9.7,23.0,12.0,49.1,8.9,92.7,3.4,5.3,28030,2020,12,14
1078,-1.608727208139717,-8.3,-4.6,-11.1,19.0,11.0,43.0,9.0,93.8,2.8,5.2,28028,2020,12,15
1079,-1.608727208139717,-8.3,-3.9,-11.2,22.0,13.0,43.9,9.0,93.8,2.6,4.6,27678,2020,12,16
1080,0.0,-4.9,0.8,-11.1,30.0,20.0,47.0,9.0,93.8,1.7,3.7,32315,2020,12,17
1081,0.2,-2.1,1.8,-6.4,36.0,24.0,57.0,5.5,57.3,3.0,5.4,30195,2020,12,18
1082,-1.608727208139717,-5.1,-1.2,-9.6,27.0,14.0,45.1,9.0,93.8,2.4,5.1,24130,2020,12,19
1083,-1.8226839319990535,-3.7,1.1,-8.2,27.0,16.0,50.4,9.1,94.8,2.0,4.4,23442,2020,12,20
1084,-1.1648952420758416,-1.0,4.7,-6.0,42.0,29.0,64.1,8.8,91.7,1.6,3.7,37286,2020,12,21
1085,6.776324592038343,2.0,7.2,-2.5,56.0,39.0,67.6,5.2,54.2,2.0,4.7,42486,2020,12,22
1086,0.0,4.5,8.5,-0.4,72.0,51.0,76.6,1.7,17.7,2.3,5.1,42218,2020,12,23
1087,0.8243893460390073,2.6,6.1,-2.0,67.0,39.0,61.5,7.9,82.3,2.9,6.5,41102,2020,12,24
1088,-1.608727208139717,-0.8,3.5,-4.7,30.0,16.0,51.9,9.0,93.8,2.1,4.7,28600,2020,12,25
1089,0.16660065611579178,2.2,8.0,-2.1,58.0,31.0,65.8,8.2,85.4,1.8,3.9,37137,2020,12,26
1090,0.0,5.8,10.0,1.4,70.0,42.0,62.9,5.9,61.5,1.8,2.8,37103,2020,12,27
1091,1.3,6.7,11.4,4.2,66.0,44.0,72.1,8.0,83.3,1.4,3.1,46912,2020,12,28
1092,0.2,0.1,4.3,-6.2,69.0,46.0,70.8,0.0,0.0,2.9,6.1,35747,2020,12,29
1093,-0.06327458608874714,-10.9,-6.2,-12.9,39.0,15.0,55.5,8.3,86.5,4.1,6.2,22488,2020,12,30
1094,0.0,-8.9,-5.0,-12.9,28.0,12.0,53.9,6.0,62.5,2.4,4.2,24535,2020,12,31
